block_number,total_supply,total_deposit,timestamp,time
11473816,0,0,1608249573,2020-12-17 23:59:33
11480216,1530000000000000000,1530000000000000000,1608334822,2020-12-18 23:40:22
11486816,2272456883201821110722,2272456883201821110722,1608422285,2020-12-19 23:58:05
11493316,4160971433296479103334,4160971433296479103334,1608508100,2020-12-20 23:48:20
11499816,5570490082029795721477,5570490082029795721477,1608594280,2020-12-21 23:44:40
11506316,7528446874837181168979,7528446874837181168979,1608680829,2020-12-22 23:47:09
11512916,7703265534473006088979,7703265534473006088979,1608767276,2020-12-23 23:47:56
11519416,9331067007517394349912,9331067007517394349912,1608854063,2020-12-24 23:54:23
11525816,11720517890788727002822,11720517890788727002822,1608939900,2020-12-25 23:45:00
11532416,11984396339385580095635,11984396339385580095635,1609026665,2020-12-26 23:51:05
11538916,15418091506997310467025,15418091506997310467025,1609112923,2020-12-27 23:48:43
11545516,15571580108237310467025,15571580108237310467025,1609199416,2020-12-28 23:50:16
11551916,16044547496843571290653,16044547496843571290653,1609285522,2020-12-29 23:45:22
11558516,16634647762043396210653,16634647762043396210653,1609372786,2020-12-30 23:59:46
11565016,16824470211468509922682,16824470211468509922682,1609459164,2020-12-31 23:59:24
11571516,16923448669911327004556,16923448669911327004556,1609545038,2021-01-01 23:50:38
11578116,17125174539982412384408,17125174539982412384408,1609631316,2021-01-02 23:48:36
11584616,17162612041320766288546,17162612041320766288546,1609718086,2021-01-03 23:54:46
11591116,17364174269181212631936,17364174269181212631936,1609804281,2021-01-04 23:51:21
11597616,17807457609734297581673,17807457609734297581673,1609890348,2021-01-05 23:45:48
11604116,18319332626574680275690,18319332626574680275690,1609976666,2021-01-06 23:44:26
11610516,18920793680901139062149,18920793680901139062149,1610062534,2021-01-07 23:35:34
11617116,20349658627078750017980,20349658627078750017980,1610149278,2021-01-08 23:41:18
11623616,21576554276400779159271,21576554276400779159271,1610235825,2021-01-09 23:43:45
11630216,25405289476052736618863,25405289476052736618863,1610323031,2021-01-10 23:57:11
11636716,26236628739262968938757,26236628739262968938757,1610408968,2021-01-11 23:49:28
11643316,28128313502496484768380,28128313502496484768380,1610495993,2021-01-12 23:59:53
11649816,47016731742391694685879,47016731742391694685879,1610581452,2021-01-13 23:44:12
11656216,63122732095922535454953,63122732095922535454953,1610667933,2021-01-14 23:45:33
11662816,66857292823090562952115,66857292823090562952115,1610754503,2021-01-15 23:48:23
11669316,70653848693767535793772,70653848693767535793772,1610840968,2021-01-16 23:49:28
11675816,71331743461002840190196,71331743461002840190196,1610927390,2021-01-17 23:49:50
11682316,71467765695116429457448,71467765695116429457448,1611013849,2021-01-18 23:50:49
11688816,74042286628137115823550,74042286628137115823550,1611099792,2021-01-19 23:43:12
11695416,76711190525217459481955,76711190525217459481955,1611186395,2021-01-20 23:46:35
11701916,77040803196628380656985,77040803196628380656985,1611273301,2021-01-21 23:55:01
11708416,77151703989775277510440,77151703989775277510440,1611359828,2021-01-22 23:57:08
11714916,88808923217468067512877,88808923217468067512877,1611445650,2021-01-23 23:47:30
11721416,90206441149687879162936,90206441149687879162936,1611532304,2021-01-24 23:51:44
11727916,91349303635739539054259,91349303635739539054259,1611618247,2021-01-25 23:44:07
11734416,95440011425078282786470,95440011425078282786470,1611704598,2021-01-26 23:43:18
11740916,97372364177641123373521,97372364177641123373521,1611791390,2021-01-27 23:49:50
11747416,100294190020349957620726,100294190020349957620726,1611877726,2021-01-28 23:48:46
11753816,100413605906469788836054,100413605906469788836054,1611963681,2021-01-29 23:41:21
11760216,100706678106675413200533,100706678106675413200533,1612049930,2021-01-30 23:38:50
11766916,105506133302577706229019,105506133302577706229019,1612137337,2021-01-31 23:55:37
11773416,108320710219325659548594,108320710219325659548594,1612223821,2021-02-01 23:57:01
11779916,116870323951674875571193,116870323951674875571193,1612310332,2021-02-02 23:58:52
11786316,125425512118337810232951,125425512118337810232951,1612395601,2021-02-03 23:40:01
11792916,126724904440527667272793,126724904440527667272793,1612483174,2021-02-04 23:59:34
11799316,128658508538163779263984,128658508538163779263984,1612568983,2021-02-05 23:49:43
11805816,131719560753992346840472,131719560753992346840472,1612655301,2021-02-06 23:48:21
11812416,136169669623783057162728,136169669623783057162728,1612742016,2021-02-07 23:53:36
11818816,137814774496507483530380,137814774496507483530380,1612827654,2021-02-08 23:40:54
11825316,144119573072858044510911,144119573072858044510911,1612914036,2021-02-09 23:40:36
11831916,144324614800950834461614,144324614800950834461614,1613001514,2021-02-10 23:58:34
11838416,144507602851014957552389,144507602851014957552389,1613087763,2021-02-11 23:56:03
11844916,144668851842914701865156,144668851842914701865156,1613173792,2021-02-12 23:49:52
11851316,145876168370879013171514,145876168370879013171514,1613260095,2021-02-13 23:48:15
11857916,163847089723694983706458,163847089723694983706458,1613346871,2021-02-14 23:54:31
11864416,164376876597129119233917,164376876597129119233917,1613433279,2021-02-15 23:54:39
11870916,164861546005909062012555,164861546005909062012555,1613519881,2021-02-16 23:58:01
11877416,165202004235356052895595,165202004235356052895595,1613605647,2021-02-17 23:47:27
11883916,177935163804309413199962,177935163804309413199962,1613692747,2021-02-18 23:59:07
11890416,179990139233016923775455,179990139233016923775455,1613778069,2021-02-19 23:41:09
11896916,180587551424159236019943,180587551424159236019943,1613864572,2021-02-20 23:42:52
11903416,180992467798662758006201,180992467798662758006201,1613951168,2021-02-21 23:46:08
11909916,181086028055459686209160,181086028055459686209160,1614037638,2021-02-22 23:47:18
11916416,181144586970495401437163,181144586970495401437163,1614123860,2021-02-23 23:44:20
11922916,181421431270720652723746,181421431270720652723746,1614210901,2021-02-24 23:55:01
11929416,181692175669565343099596,181692175669565343099596,1614296964,2021-02-25 23:49:24
11935916,182028855066060893152406,182028855066060893152406,1614382912,2021-02-26 23:41:52
11942416,182378357927588507409397,182378357927588507409397,1614469458,2021-02-27 23:44:18
11948916,182751982194358463853665,182751982194358463853665,1614556275,2021-02-28 23:51:15
11955416,182990384477677548669285,182990384477677548669285,1614642960,2021-03-01 23:56:00
11961916,183154210034320898414028,183154210034320898414028,1614728743,2021-03-02 23:45:43
11968316,183242457211381306672081,183242457211381306672081,1614814891,2021-03-03 23:41:31
11974816,183705492483919652320878,183705492483919652320878,1614901005,2021-03-04 23:36:45
11981416,183933683233581323587328,183933683233581323587328,1614988572,2021-03-05 23:56:12
11987916,184033099400495352815808,184033099400495352815808,1615073937,2021-03-06 23:38:57
11994416,184098017650869585486527,184098017650869585486527,1615160731,2021-03-07 23:45:31
12000916,184481765930850606494682,184481765930850606494682,1615247109,2021-03-08 23:45:09
12007316,184989848042302521631686,184989848042302521631686,1615333101,2021-03-09 23:38:21
12013916,185358979000133707717870,185358979000133707717870,1615420429,2021-03-10 23:53:49
12020316,185914444573818136755253,185914444573818136755253,1615506519,2021-03-11 23:48:39
12026816,186221685071276894242198,186221685071276894242198,1615593515,2021-03-12 23:58:35
12033316,186572729213809094242198,186572729213809094242198,1615679765,2021-03-13 23:56:05
12039816,186664975862440343041571,186664975862440343041571,1615765863,2021-03-14 23:51:03
12046216,186728046414639620631079,186728046414639620631079,1615851837,2021-03-15 23:43:57
12052716,186768121404883042002368,186768121404883042002368,1615937688,2021-03-16 23:34:48
12059216,186804926453319072002368,186804926453319072002368,1616024420,2021-03-17 23:40:20
12065716,186962867689517172712949,186962867689517172712949,1616110971,2021-03-18 23:42:51
12072216,187147613540837854402064,187147613540837854402064,1616197245,2021-03-19 23:40:45
12078816,187278668488752151445051,187278668488752151445051,1616284554,2021-03-20 23:55:54
12085216,187434357462678697123185,187434357462678697123185,1616370782,2021-03-21 23:53:02
12091716,187721912657082028257758,187721912657082028257758,1616457305,2021-03-22 23:55:05
12098216,187890692041278964994903,187890692041278964994903,1616543583,2021-03-23 23:53:03
12104716,188135388662728737736153,188135388662728737736153,1616630142,2021-03-24 23:55:42
12111216,188351133487987761134520,188351133487987761134520,1616716392,2021-03-25 23:53:12
12117716,188625515933982843081772,188625515933982843081772,1616802394,2021-03-26 23:46:34
12124216,188752423519865959811546,188752423519865959811546,1616888722,2021-03-27 23:45:22
12130716,188864529556147959811546,188864529556147959811546,1616975482,2021-03-28 23:51:22
12137216,188949518767604984581760,188949518767604984581760,1617061641,2021-03-29 23:47:21
12143716,189377122423764055999810,189377122423764055999810,1617147870,2021-03-30 23:44:30
12150216,189785850762943535713850,189785850762943535713850,1617234735,2021-03-31 23:52:15
12156716,190418339918462267333229,190418339918462267333229,1617320993,2021-04-01 23:49:53
12163116,190578994462936467333229,190578994462936467333229,1617406708,2021-04-02 23:38:28
12169716,190683941067230887534162,190683941067230887534162,1617494071,2021-04-03 23:54:31
12176216,190905560147069388551121,190905560147069388551121,1617579740,2021-04-04 23:42:20
12182716,193256525513641130750186,193256525513641130750186,1617666095,2021-04-05 23:41:35
12189216,193376158044236230749190,193376158044236230749190,1617752436,2021-04-06 23:40:36
12195816,194037044783577620128627,194037044783577620128627,1617839729,2021-04-07 23:55:29
12202216,194194519503564399039137,194194519503564399039137,1617925653,2021-04-08 23:47:33
12208716,194428553378284755165112,194428553378284755165112,1618012456,2021-04-09 23:54:16
12215316,205775204628476832159318,205775204628476832159318,1618099104,2021-04-10 23:58:24
12221816,205936582239960739610108,205936582239960739610108,1618184984,2021-04-11 23:49:44
12228316,222108541960937170661497,222108541960937170661497,1618271104,2021-04-12 23:45:04
12234816,226897911790233579629770,226897911790233579629770,1618357694,2021-04-13 23:48:14
12241216,227170499895547992629811,227170499895547992629811,1618443527,2021-04-14 23:38:47
12247716,227377504174815625364879,227377504174815625364879,1618529894,2021-04-15 23:38:14
12254216,227494250260728559801374,227494250260728559801374,1618617227,2021-04-16 23:53:47
12260616,227597210428427373676326,227597210428427373676326,1618702849,2021-04-17 23:40:49
12267116,227800978889307140372417,227800978889307140372417,1618789040,2021-04-18 23:37:20
12273516,250628610805665878125655,250628610805665878125655,1618875645,2021-04-19 23:40:45
12280116,250697884057328548125655,250697884057328548125655,1618961996,2021-04-20 23:39:56
12286616,250928567019752121799593,250928567019752121799593,1619048564,2021-04-21 23:42:44
12293116,251111151184853670132463,251111151184853670132463,1619135875,2021-04-22 23:57:55
12299516,251393283241869442831223,251393283241869442831223,1619221364,2021-04-23 23:42:44
12306016,251784646962321307378749,251784646962321307378749,1619307897,2021-04-24 23:44:57
12312516,252094547539829403380080,252094547539829403380080,1619394367,2021-04-25 23:46:07
12319016,252254519639748755634575,252254519639748755634575,1619480900,2021-04-26 23:48:20
12325516,252564663460438069941381,252564663460438069941381,1619567588,2021-04-27 23:53:08
12331916,255646861315743983182261,255646861315743983182261,1619653054,2021-04-28 23:37:34
12338416,256201966537622171178461,256201966537622171178461,1619739776,2021-04-29 23:42:56
12344916,257005985373381851168618,257005985373381851168618,1619826807,2021-04-30 23:53:27
12351416,257988939959378552094346,257988939959378552094346,1619913271,2021-05-01 23:54:31
12357816,258317784190244272183986,258317784190244272183986,1619999509,2021-05-02 23:51:49
12364316,259347166305469584534590,259347166305469584534590,1620085929,2021-05-03 23:52:09
12370816,259979866542580052902735,259979866542580052902735,1620172203,2021-05-04 23:50:03
12377316,272791852762112775299143,272791852762112775299143,1620258367,2021-05-05 23:46:07
12383816,275155635750482810178198,275155635750482810178198,1620345175,2021-05-06 23:52:55
12390216,308983053272067923671736,308983053272067923671736,1620430965,2021-05-07 23:42:45
12396716,327648761263611295459818,327648761263611295459818,1620517688,2021-05-08 23:48:08
12403216,333873948447632592959508,333873948447632592959508,1620604238,2021-05-09 23:50:38
12409716,335553027064044553067308,335553027064044553067308,1620690371,2021-05-10 23:46:11
12416216,335966230921967815419912,335966230921967815419912,1620777535,2021-05-11 23:58:55
12422616,336741406522018424864717,336741406522018424864717,1620863367,2021-05-12 23:49:27
12429116,339696530821523624589370,339696530821523624589370,1620949380,2021-05-13 23:43:00
12435616,341222587691004777612899,341222587691004777612899,1621036117,2021-05-14 23:48:37
12442116,344579241118021480097896,344579241118021480097896,1621122793,2021-05-15 23:53:13
12448516,346799127758900786534991,346799127758900786534991,1621208357,2021-05-16 23:39:17
12455016,349209285824473316323363,349209285824473316323363,1621295877,2021-05-17 23:57:57
12461416,350668887426352621258825,350668887426352621258825,1621381477,2021-05-18 23:44:37
12467816,351602911544796497050660,351602911544796497050660,1621467545,2021-05-19 23:39:05
12474316,352434760105453209119944,352434760105453209119944,1621554235,2021-05-20 23:43:55
12480716,353793586487648313013035,353793586487648313013035,1621640741,2021-05-21 23:45:41
12487216,411229242875587600877159,411229242875587600877159,1621727479,2021-05-22 23:51:19
12493616,412279469656960546550210,412279469656960546550210,1621813318,2021-05-23 23:41:58
12500116,416069539668903170319899,416069539668903170319899,1621899740,2021-05-24 23:42:20
12506516,421909243616421969772352,421909243616421969772352,1621986228,2021-05-25 23:43:48
12513016,423153402119768778575255,423153402119768778575255,1622073401,2021-05-26 23:56:41
12519416,441626828046229426292277,441626828046229426292277,1622159588,2021-05-27 23:53:08
12525816,442074688809223504548090,442074688809223504548090,1622244965,2021-05-28 23:36:05
12532316,443169483688118766159766,443169483688118766159766,1622331901,2021-05-29 23:45:01
12538716,443665272342617390696611,443665272342617390696611,1622418100,2021-05-30 23:41:40
12545216,450935094617970292865690,450935094617970292865690,1622505561,2021-05-31 23:59:21
12551616,453193957037169151586527,453193957037169151586527,1622590954,2021-06-01 23:42:34
12558116,454954913271399067987187,454954913271399067987187,1622677225,2021-06-02 23:40:25
12564516,456665427857006217071144,456665427857006217071144,1622763490,2021-06-03 23:38:10
12571116,458312297626422392474506,458312297626422392474506,1622851135,2021-06-04 23:58:55
12577516,459393425013796971273835,459393425013796971273835,1622936970,2021-06-05 23:49:30
12584016,460440943046274048988791,460440943046274048988791,1623022996,2021-06-06 23:43:16
12590516,462461027718445076958216,462461027718445076958216,1623110289,2021-06-07 23:58:09
12596916,464264471504166361402143,464264471504166361402143,1623195789,2021-06-08 23:43:09
12603416,469056249465783930206658,469056249465783930206658,1623282998,2021-06-09 23:56:38
12609816,472916659855095983591308,472916659855095983591308,1623368519,2021-06-10 23:41:59
12616316,486256719522985104327309,486256719522985104327309,1623455494,2021-06-11 23:51:34
12622716,495137185527676727785396,495137185527676727785396,1623541393,2021-06-12 23:43:13
12629216,496111819018308781012028,496111819018308781012028,1623628329,2021-06-13 23:52:09
12635616,498851666481033934226680,498851666481033934226680,1623713976,2021-06-14 23:39:36
12642116,501261764911739655829893,501261764911739655829893,1623800582,2021-06-15 23:43:02
12648516,518943693602987114367759,518943693602987114367759,1623886924,2021-06-16 23:42:04
12655016,521485887704742577991495,521485887704742577991495,1623973837,2021-06-17 23:50:37
12661416,523885474488940191122658,523885474488940191122658,1624059922,2021-06-18 23:45:22
12667816,530945478540320417290039,530945478540320417290039,1624146211,2021-06-19 23:43:31
12674316,532343864130705070181161,532343864130705070181161,1624233011,2021-06-20 23:50:11
12680616,534519369057358342349093,534519369057358342349093,1624319033,2021-06-21 23:43:53
12687116,536628191990647595259947,536628191990647595259947,1624406392,2021-06-22 23:59:52
12693516,537229929037672860862441,537229929037672860862441,1624492413,2021-06-23 23:53:33
12699916,537897591688576584489624,537897591688576584489624,1624578622,2021-06-24 23:50:22
12706216,538448631245023356848607,538448631245023356848607,1624664315,2021-06-25 23:38:35
12712716,539412567807140879297309,539412567807140879297309,1624751776,2021-06-26 23:56:16
12719116,539754960338191389812848,539754960338191389812848,1624837399,2021-06-27 23:43:19
12725616,540782208058975963495440,540782208058975963495440,1624924467,2021-06-28 23:54:27
12732016,554845031419231155422807,554845031419231155422807,1625010807,2021-06-29 23:53:27
12738416,555802634773197601397209,555802634773197601397209,1625096333,2021-06-30 23:38:53
12744816,582409580338638872607899,582409580338638872607899,1625183526,2021-07-01 23:52:06
12751216,585369865568794432305396,585369865568794432305396,1625269246,2021-07-02 23:40:46
12757616,586801847439284294029601,586801847439284294029601,1625355506,2021-07-03 23:38:26
12764116,598184767806796460559774,598184767806796460559774,1625442564,2021-07-04 23:49:24
12770516,602583235294064477873629,602583235294064477873629,1625528443,2021-07-05 23:40:43
12776916,604943880969142163417419,604943880969142163417419,1625614658,2021-07-06 23:37:38
12783316,606249210885971762602929,606249210885971762602929,1625701172,2021-07-07 23:39:32
12789816,615181139281594516068475,615181139281594516068475,1625788294,2021-07-08 23:51:34
12796216,633350682588988134302963,633350682588988134302963,1625874656,2021-07-09 23:50:56
12802616,635651973263103281286729,635651973263103281286729,1625960587,2021-07-10 23:43:07
12809116,636327102639499266249163,636327102639499266249163,1626047773,2021-07-11 23:56:13
12815416,636885813445384109047678,636885813445384109047678,1626132932,2021-07-12 23:35:32
12821716,637957254081614919344388,637957254081614919344388,1626219465,2021-07-13 23:37:45
12828116,639365992454788868165581,639365992454788868165581,1626305944,2021-07-14 23:39:04
12834616,640108326823898788635356,640108326823898788635356,1626393498,2021-07-15 23:58:18
12840916,642953602848607174125015,642953602848607174125015,1626479178,2021-07-16 23:46:18
12847316,643621043842371852950345,643621043842371852950345,1626566213,2021-07-17 23:56:53
12853616,644507499114196199944156,644507499114196199944156,1626651708,2021-07-18 23:41:48
12860116,648720034788513822949138,648720034788513822949138,1626738924,2021-07-19 23:55:24
12866416,652033315012884746205208,652033315012884746205208,1626824670,2021-07-20 23:44:30
12872816,655782546724455311131515,655782546724455311131515,1626910820,2021-07-21 23:40:20
12879216,663993353714256962220082,663993353714256962220082,1626997019,2021-07-22 23:36:59
12885616,664796402690498735049329,664796402690498735049329,1627084211,2021-07-23 23:50:11
12892016,665555583035948796602920,665555583035948796602920,1627169992,2021-07-24 23:39:52
12898416,666394388697971336581814,666394388697971336581814,1627256211,2021-07-25 23:36:51
12904816,667133813305525961220149,667133813305525961220149,1627343546,2021-07-26 23:52:26
12911116,672840528178874640288935,672840528178874640288935,1627430212,2021-07-27 23:56:52
12917416,675652708907144097909484,675652708907144097909484,1627516718,2021-07-28 23:58:38
12923716,676863893210124241554264,676863893210124241554264,1627602444,2021-07-29 23:47:24
12930016,685795773211156286592306,685795773211156286592306,1627689299,2021-07-30 23:54:59
12936316,688262851039903895943604,688262851039903895943604,1627775717,2021-07-31 23:55:17
12942616,695697977268928261155630,695697977268928261155630,1627861805,2021-08-01 23:50:05
12949016,697273243046794351867164,697273243046794351867164,1627948439,2021-08-02 23:53:59
12955316,724224171790261436053014,724224171790261436053014,1628034206,2021-08-03 23:43:26
12961716,728586117741215712485755,728586117741215712485755,1628121547,2021-08-04 23:59:07
12968016,735770819899953507517365,735770819899953507517365,1628207452,2021-08-05 23:50:52
12974516,738422030262371759097245,738422030262371759097245,1628294386,2021-08-06 23:59:46
12981016,745844932269957420457615,745844932269957420457615,1628379881,2021-08-07 23:44:41
12987516,747184961686715413991729,747184961686715413991729,1628466489,2021-08-08 23:48:09
12994016,749626079221962269418041,749626079221962269418041,1628552949,2021-08-09 23:49:09
13000516,754005261935313994016897,754005261935313994016897,1628639232,2021-08-10 23:47:12
13006916,755863560164882150868096,755863560164882150868096,1628725621,2021-08-11 23:47:01
13013416,759372385288029560375908,759372385288029560375908,1628811808,2021-08-12 23:43:28
13019916,766384454945189581843124,766384454945189581843124,1628898620,2021-08-13 23:50:20
13026416,781307099738385330941910,781307099738385330941910,1628985074,2021-08-14 23:51:14
13032816,806782606958946899577837,806782606958946899577837,1629071299,2021-08-15 23:48:19
13039316,822682704083310034705787,822682704083310034705787,1629157562,2021-08-16 23:46:02
13045816,837814579670278051777146,837814579670278051777146,1629243666,2021-08-17 23:41:06
13052216,850567311597761660031545,850567311597761660031545,1629330016,2021-08-18 23:40:16
13058816,884514328889937670316370,884514328889937670316370,1629417112,2021-08-19 23:51:52
13065316,896375333212113997008770,896375333212113997008770,1629503952,2021-08-20 23:59:12
13071716,926242538113259333379355,926242538113259333379355,1629589715,2021-08-21 23:48:35
13078216,946162845605498355366428,946162845605498355366428,1629676134,2021-08-22 23:48:54
13084616,978288152845595264334255,978288152845595264334255,1629762290,2021-08-23 23:44:50
13091116,985656893811719254388014,985656893811719254388014,1629848699,2021-08-24 23:44:59
13097616,1002475243771649427192888,1002475243771649427192888,1629935875,2021-08-25 23:57:55
13104116,1010845921249537842757472,1010845921249537842757472,1630022192,2021-08-26 23:56:32
13110516,1045320770721115007857273,1045320770721115007857273,1630108032,2021-08-27 23:47:12
13117016,1118799574044402644038534,1118799574044402644038534,1630195151,2021-08-28 23:59:11
13123416,1131765375432003935442762,1131765375432003935442762,1630280252,2021-08-29 23:37:32
13129916,1137443995040982814338981,1137443995040982814338981,1630367096,2021-08-30 23:44:56
13136416,1152408540247767552762398,1152408540247767552762398,1630454303,2021-08-31 23:58:23
13142816,1157565090225583739510889,1157565090225583739510889,1630539883,2021-09-01 23:44:43
13149416,1166885371081525734773677,1166885371081525734773677,1630627079,2021-09-02 23:57:59
13155816,1176580001617745456962610,1176580001617745456962610,1630712667,2021-09-03 23:44:27
13162316,1178470112076075009973373,1178470112076075009973373,1630799985,2021-09-04 23:59:45
13168816,1181376173037150425123115,1181376173037150425123115,1630885876,2021-09-05 23:51:16
13175216,1187604648460032472142821,1187604648460032472142821,1630971545,2021-09-06 23:39:05
13181716,1239756616734928755943172,1239756616734928755943172,1631059048,2021-09-07 23:57:28
13188216,1245483027752124462491894,1245483027752124462491894,1631145596,2021-09-08 23:59:56
13194616,1249861533604108055141320,1249861533604108055141320,1631231236,2021-09-09 23:47:16
13201116,1254504522129264228668726,1254504522129264228668726,1631318102,2021-09-10 23:55:02
13207516,1267987376255492651321335,1267987376255492651321335,1631404405,2021-09-11 23:53:25
13214016,1272018076817747226070993,1272018076817747226070993,1631490301,2021-09-12 23:45:01
13220416,1273934882141260468906114,1273934882141260468906114,1631576602,2021-09-13 23:43:22
13226916,1281884965269917744139979,1281884965269917744139979,1631663470,2021-09-14 23:51:10
13233316,1284372155005377830621945,1284372155005377830621945,1631749174,2021-09-15 23:39:34
13239816,1285902757055585306659908,1285902757055585306659908,1631835687,2021-09-16 23:41:27
13246316,1290943122122075505310033,1290943122122075505310033,1631922576,2021-09-17 23:49:36
13252716,1294126389089067341031184,1294126389089067341031184,1632008263,2021-09-18 23:37:43
13259316,1297012414271365149886734,1297012414271365149886734,1632095845,2021-09-19 23:57:25
13265716,1298784375378454127367902,1298784375378454127367902,1632181774,2021-09-20 23:49:34
13272216,1302459230301635850366277,1302459230301635850366277,1632268294,2021-09-21 23:51:34
13278616,1304169220511416733161961,1304169220511416733161961,1632354217,2021-09-22 23:43:37
13285016,1307337016936347471468537,1307337016936347471468537,1632440512,2021-09-23 23:41:52
13291516,1309749721375658590931866,1309749721375658590931866,1632527537,2021-09-24 23:52:17
13298116,1311719468415318934822477,1311719468415318934822477,1632614212,2021-09-25 23:56:52
13304516,1313229052982651357591397,1313229052982651357591397,1632700687,2021-09-26 23:58:07
13310916,1314968337531707962839927,1314968337531707962839927,1632786297,2021-09-27 23:44:57
13317316,1316644999074625995157084,1316644999074625995157084,1632873192,2021-09-28 23:53:12
13323716,1319166909859931466351726,1319166909859931466351726,1632959306,2021-09-29 23:48:26
13330016,1327331805871144564017698,1327331805871144564017698,1633045381,2021-09-30 23:43:01
13336516,1329224385554556579801649,1329224385554556579801649,1633131934,2021-10-01 23:45:34
13342916,1331293368197089167885168,1331293368197089167885168,1633218576,2021-10-02 23:49:36
13349316,1336038343578641061632562,1336038343578641061632562,1633305387,2021-10-03 23:56:27
13355616,1347105006932985558441111,1347105006932985558441111,1633391010,2021-10-04 23:43:30
13362016,1366852715276857450544388,1366852715276857450544388,1633477119,2021-10-05 23:38:39
13368516,1371201529270565597704003,1371201529270565597704003,1633564609,2021-10-06 23:56:49
13374816,1373915548465034782780239,1373915548465034782780239,1633650733,2021-10-07 23:52:13
13381216,1376803205884798890058426,1376803205884798890058426,1633736771,2021-10-08 23:46:11
13387616,1378962737684963216498977,1378962737684963216498977,1633823941,2021-10-09 23:59:01
13393916,1380645295274779097345596,1380645295274779097345596,1633909527,2021-10-10 23:45:27
13400316,1385987361665650198158934,1385987361665650198158934,1633995945,2021-10-11 23:45:45
13406716,1389295492474861216442430,1389295492474861216442430,1634083038,2021-10-12 23:57:18
13413016,1390522121202053067917786,1390522121202053067917786,1634169140,2021-10-13 23:52:20
13419316,1391938352920563633890534,1391938352920563633890534,1634255050,2021-10-14 23:44:10
13425616,1393522553751461473015833,1393522553751461473015833,1634341314,2021-10-15 23:41:54
13432116,1395745436672411575483493,1395745436672411575483493,1634428487,2021-10-16 23:54:47
13438516,1398127205486750368626862,1398127205486750368626862,1634514943,2021-10-17 23:55:43
13444816,1400649099763501887124862,1400649099763501887124862,1634601127,2021-10-18 23:52:07
13451216,1404186946919351961577008,1404186946919351961577008,1634687259,2021-10-19 23:47:39
13457616,1406646863327710717009157,1406646863327710717009157,1634774071,2021-10-20 23:54:31
13464116,1409207585245950100356414,1409207585245950100356414,1634860735,2021-10-21 23:58:55
13470516,1411079914787194046987299,1411079914787194046987299,1634946970,2021-10-22 23:56:10
13476816,1412922344486990499571143,1412922344486990499571143,1635032449,2021-10-23 23:40:49
13483216,1414993770659999823330877,1414993770659999823330877,1635119545,2021-10-24 23:52:25
13489616,1417120441954376704108850,1417120441954376704108850,1635205728,2021-10-25 23:48:48
13496016,1418692536061617684333909,1418692536061617684333909,1635291920,2021-10-26 23:45:20
13502416,1420035208636949504734342,1420035208636949504734342,1635379117,2021-10-27 23:58:37
13508816,1421857360810619669624397,1421857360810619669624397,1635465370,2021-10-28 23:56:10
13515116,1425407731288164969589368,1425407731288164969589368,1635551064,2021-10-29 23:44:24
13521516,1426707608782708878042971,1426707608782708878042971,1635638039,2021-10-30 23:53:59
13527816,1428965407626754016074461,1428965407626754016074461,1635724023,2021-10-31 23:47:03
13534216,1437663694849145515972487,1437663694849145515972487,1635810232,2021-11-01 23:43:52
13540516,1439725918803015901445856,1439725918803015901445856,1635896658,2021-11-02 23:44:18
13546916,1441063900565907230075598,1441063900565907230075598,1635983135,2021-11-03 23:45:35
13553216,1445366617060088751583869,1445366617060088751583869,1636069755,2021-11-04 23:49:15
13559616,1446669650285145308705039,1446669650285145308705039,1636155853,2021-11-05 23:44:13
13566016,1449416810233622058820122,1449416810233622058820122,1636242938,2021-11-06 23:55:38
13572416,1451467452859462867401754,1451467452859462867401754,1636328612,2021-11-07 23:43:32
13578816,1453284088863160448405080,1453284088863160448405080,1636415673,2021-11-08 23:54:33
13585116,1460568887802661068531674,1460568887802661068531674,1636501368,2021-11-09 23:42:48
13591516,1463137777189602177789961,1463137777189602177789961,1636587658,2021-11-10 23:40:58
13597916,1464763786111733060931880,1464763786111733060931880,1636674554,2021-11-11 23:49:14
13604316,1466522011143260368883801,1466522011143260368883801,1636760757,2021-11-12 23:45:57
13610616,1469583653086245710618414,1469583653086245710618414,1636846911,2021-11-13 23:41:51
13617016,1471409275486405799716532,1471409275486405799716532,1636933768,2021-11-14 23:49:28
13623316,1475793769545906961703498,1475793769545906961703498,1637019930,2021-11-15 23:45:30
13629616,1479380248873879633342943,1479380248873879633342943,1637107091,2021-11-16 23:58:11
13636016,1481812745462686736128749,1481812745462686736128749,1637193540,2021-11-17 23:59:00
13642316,1483880320055775544719955,1483880320055775544719955,1637278731,2021-11-18 23:38:51
13648616,1486924066089940280770554,1486924066089940280770554,1637366294,2021-11-19 23:58:14
13654916,1488793205200150695246749,1488793205200150695246749,1637452768,2021-11-20 23:59:28
13661116,1491332298617982420312189,1491332298617982420312189,1637537986,2021-11-21 23:39:46
13667516,1495226579615677716896696,1495226579615677716896696,1637624834,2021-11-22 23:47:14
13673816,1497009167417490345885553,1497009167417490345885553,1637710771,2021-11-23 23:39:31
13680216,1501554378007889767169867,1501554378007889767169867,1637798379,2021-11-24 23:59:39
13686516,1502889893876558000082402,1502889893876558000082402,1637884740,2021-11-25 23:59:00
13692716,1503817143319503106672625,1503817143319503106672625,1637970720,2021-11-26 23:52:00
13699116,1507397730117082294591237,1507397730117082294591237,1638057508,2021-11-27 23:58:28
13705316,1508834698409136857794220,1508834698409136857794220,1638143072,2021-11-28 23:44:32
13711516,1509936224672741963559171,1509936224672741963559171,1638229497,2021-11-29 23:44:57
13717816,1515111924664536147640147,1515111924664536147640147,1638316405,2021-11-30 23:53:25
13724016,1517892225844551593251977,1517892225844551593251977,1638402251,2021-12-01 23:44:11
13730316,1519732926763405102179127,1519732926763405102179127,1638489299,2021-12-02 23:54:59
13736616,1530342172355805170835617,1530342172355805170835617,1638575908,2021-12-03 23:58:28
13742716,1532547766683440501586434,1532547766683440501586434,1638661315,2021-12-04 23:41:55
13749016,1535833726040544046521448,1535833726040544046521448,1638748692,2021-12-05 23:58:12
13755216,1537475604417975012618754,1537475604417975012618754,1638834101,2021-12-06 23:41:41
13761516,1552589881435256383468352,1552589881435256383468352,1638920913,2021-12-07 23:48:33
13767716,1555087469159823773438125,1555087469159823773438125,1639006959,2021-12-08 23:42:39
13774016,1556658345402720174487110,1556658345402720174487110,1639093624,2021-12-09 23:47:04
13780416,1558711827447029087190883,1558711827447029087190883,1639179641,2021-12-10 23:40:41
13786916,1566504396583115622473080,1566504396583115622473080,1639266210,2021-12-11 23:43:30
13793416,1568340465035651012264152,1568340465035651012264152,1639352387,2021-12-12 23:39:47
13799916,1571367673374250998865197,1571367673374250998865197,1639438948,2021-12-13 23:42:28
13806316,1572770140406499255938951,1572770140406499255938951,1639525454,2021-12-14 23:44:14
13812816,1574737613073381744321111,1574737613073381744321111,1639612205,2021-12-15 23:50:05
13819216,1577994856662621783433670,1577994856662621783433670,1639698529,2021-12-16 23:48:49
13825716,1579868972310120517325054,1579868972310120517325054,1639785421,2021-12-17 23:57:01
13832216,1581031019194077193752920,1581031019194077193752920,1639871688,2021-12-18 23:54:48
13838616,1596100852489939326117651,1596100852489939326117651,1639957352,2021-12-19 23:42:32
13845216,1597782556631109040225099,1597782556631109040225099,1640044505,2021-12-20 23:55:05
13851616,1599359151130130150818350,1599359151130130150818350,1640130289,2021-12-21 23:44:49
13858016,1600999706151145844472229,1600999706151145844472229,1640216601,2021-12-22 23:43:21
13864516,1602508246517684347267284,1602508246517684347267284,1640303963,2021-12-23 23:59:23
13870916,1614829327797764751981572,1614829327797764751981572,1640389412,2021-12-24 23:43:32
13877416,1617952539424597990811966,1617952539424597990811966,1640476257,2021-12-25 23:50:57
13883916,1619536037451101998781078,1619536037451101998781078,1640563196,2021-12-26 23:59:56
13890316,1622015027345933938441539,1622015027345933938441539,1640648576,2021-12-27 23:42:56
13896816,1623675583604898171798589,1623675583604898171798589,1640735786,2021-12-28 23:56:26
13903316,1625577639960991743723036,1625577639960991743723036,1640821951,2021-12-29 23:52:31
13909716,1627211724465567766658157,1627211724465567766658157,1640907708,2021-12-30 23:41:48
13916116,1629627352948601754009707,1629627352948601754009707,1640994569,2021-12-31 23:49:29
13922616,1637815448232354594654803,1637815448232354594654803,1641081028,2022-01-01 23:50:28
13929116,1640013044469059223327943,1640013044469059223327943,1641167254,2022-01-02 23:47:34
13935616,1643373677893217071414748,1643373677893217071414748,1641254208,2022-01-03 23:56:48
13942116,1661072431424315231057233,1661072431424315231057233,1641340745,2022-01-04 23:59:05
13948516,1664356118170093084361850,1664356118170093084361850,1641426358,2022-01-05 23:45:58
13954916,1666208280352391568394712,1666208280352391568394712,1641512862,2022-01-06 23:47:42
13961316,1672081398378004979363627,1672081398378004979363627,1641599017,2022-01-07 23:43:37
13967916,1674881249795785626808340,1674881249795785626808340,1641686254,2022-01-08 23:57:34
13974416,1676022285356688794744105,1676022285356688794744105,1641772724,2022-01-09 23:58:44
13980816,1681134226951516924395233,1681134226951516924395233,1641858691,2022-01-10 23:51:31
13987316,1683441221582093574060664,1683441221582093574060664,1641944841,2022-01-11 23:47:21
13993816,1685476882881159539823277,1685476882881159539823277,1642031798,2022-01-12 23:56:38
14000216,1688462179868690611656779,1688462179868690611656779,1642117671,2022-01-13 23:47:51
14006616,1690310397739022815858506,1690310397739022815858506,1642203262,2022-01-14 23:34:22
14013116,1692102055347773411753275,1692102055347773411753275,1642290131,2022-01-15 23:42:11
14019616,1693656087228907351741524,1693656087228907351741524,1642376628,2022-01-16 23:43:48
14026116,1696829347240856015790550,1696829347240856015790550,1642463375,2022-01-17 23:49:35
14032616,1698543007666021828848021,1698543007666021828848021,1642550156,2022-01-18 23:55:56
14039016,1700614411605288630754289,1700614411605288630754289,1642635641,2022-01-19 23:40:41
14045516,1702755662666132968139332,1702755662666132968139332,1642722294,2022-01-20 23:44:54
14051916,1709283824802369495806607,1709283824802369495806607,1642808573,2022-01-21 23:42:53
14058516,1725390445454984699786166,1725390445454984699786166,1642895618,2022-01-22 23:53:38
14064916,1764685652439115679591240,1764685652439115679591240,1642981129,2022-01-23 23:38:49
14071416,1770754431926157922038143,1770754431926157922038143,1643068343,2022-01-24 23:52:23
14077816,1772581971132236395794644,1772581971132236395794644,1643154062,2022-01-25 23:41:02
14084316,1775262945683309358513108,1775262945683309358513108,1643241330,2022-01-26 23:55:30
14090816,1782089197723500218687257,1782089197723500218687257,1643327904,2022-01-27 23:58:24
14097216,1787087382400732658262735,1787087382400732658262735,1643413376,2022-01-28 23:42:56
14103716,1790544806334226423145330,1790544806334226423145330,1643500224,2022-01-29 23:50:24
14110216,1794470777213319102511156,1794470777213319102511156,1643586203,2022-01-30 23:43:23
14116716,1796327104015239131788875,1796327104015239131788875,1643672980,2022-01-31 23:49:40
14123216,1797822561970143352869650,1797822561970143352869650,1643759280,2022-02-01 23:48:00
14129616,1800045145611340904586748,1800045145611340904586748,1643845069,2022-02-02 23:37:49
14136116,1802132920151192373691804,1802132920151192373691804,1643932595,2022-02-03 23:56:35
14142616,1818569797130809809643125,1818569797130809809643125,1644018029,2022-02-04 23:40:29
14149016,1821153352161201452867988,1821153352161201452867988,1644104838,2022-02-05 23:47:18
14155616,1825551861272950468837754,1825551861272950468837754,1644191960,2022-02-06 23:59:20
14162016,1829975609974599693235376,1829975609974599693235376,1644277554,2022-02-07 23:45:54
14168416,1839718692971317083408995,1839718692971317083408995,1644363149,2022-02-08 23:32:29
14174916,1842575951953224867373331,1842575951953224867373331,1644450284,2022-02-09 23:44:44
14181416,1850975372075625374614826,1850975372075625374614826,1644537493,2022-02-10 23:58:13
14187916,1858282036344517927565062,1858282036344517927565062,1644623595,2022-02-11 23:53:15
14194416,1860312801455899843256448,1860312801455899843256448,1644710395,2022-02-12 23:59:55
14200816,1868653633073732450311965,1868653633073732450311965,1644795826,2022-02-13 23:43:46
14207316,1871400544012122981888648,1871400544012122981888648,1644882802,2022-02-14 23:53:22
14213816,1876318777278152060179464,1876318777278152060179464,1644969171,2022-02-15 23:52:51
14220216,1881331845211834785669773,1881331845211834785669773,1645055487,2022-02-16 23:51:27
14226716,1891727418137675582127143,1891727418137675582127143,1645141854,2022-02-17 23:50:54
14233116,1896565077090658292818363,1896565077090658292818363,1645228249,2022-02-18 23:50:49
14239516,1901101780413748680818524,1901101780413748680818524,1645314431,2022-02-19 23:47:11
14246016,1903776018637160476765063,1903776018637160476765063,1645400655,2022-02-20 23:44:15
14252516,1906435473986111985245000,1906435473986111985245000,1645487960,2022-02-21 23:59:20
14258916,1938353730416225657922155,1938353730416225657922155,1645573247,2022-02-22 23:40:47
14265416,1968694994518787163599774,1968694994518787163599774,1645659974,2022-02-23 23:46:14
14271916,1972835501184886720279613,1972835501184886720279613,1645746747,2022-02-24 23:52:27
14278316,1975759846699463097929506,1975759846699463097929506,1645832726,2022-02-25 23:45:26
14284816,1984961558756151006277773,1984961558756151006277773,1645919597,2022-02-26 23:53:17
14291316,1988760654269251761286530,1988760654269251761286530,1646006056,2022-02-27 23:54:16
14297716,2009808971930109704219158,2009808971930109704219158,1646092156,2022-02-28 23:49:16
14304216,2031455663722018490332247,2031455663722018490332247,1646178563,2022-03-01 23:49:23
14310616,2039711297406210699616805,2039711297406210699616805,1646265067,2022-03-02 23:51:07
14317016,2063960999555237559325494,2063960999555237559325494,1646350436,2022-03-03 23:33:56
14323516,2081042891428498676561969,2081042891428498676561969,1646437247,2022-03-04 23:40:47
14329916,2095394241049637349100522,2095394241049637349100522,1646523792,2022-03-05 23:43:12
14336316,2108607467746159504679430,2108607467746159504679430,1646610046,2022-03-06 23:40:46
14342816,2130418503972406963764549,2130418503972406963764549,1646697185,2022-03-07 23:53:05
14349216,2168034795421257475538141,2168034795421257475538141,1646783635,2022-03-08 23:53:55
14355716,2205742256211625668817929,2205742256211625668817929,1646870054,2022-03-09 23:54:14
14362216,2234835218684532520395884,2234835218684532520395884,1646956637,2022-03-10 23:57:17
14368516,2246040818407668515555032,2246040818407668515555032,1647042562,2022-03-11 23:49:22
14375016,2262651211496322373290333,2262651211496322373290333,1647128963,2022-03-12 23:49:23
14381316,2267590848161802690023937,2267590848161802690023937,1647214969,2022-03-13 23:42:49
14387816,2306830451263958038866532,2306830451263958038866532,1647301825,2022-03-14 23:50:25
14394216,2504398976439914521748481,2504398976439914521748481,1647388313,2022-03-15 23:51:53
14400616,2556296660966902353895679,2556296660966902353895679,1647474779,2022-03-16 23:52:59
14407016,2585817494039081237447921,2585817494039081237447921,1647560775,2022-03-17 23:46:15
14413416,2647660985417172677638171,2647660985417172677638171,1647646980,2022-03-18 23:43:00
14419916,2725808750975586334435444,2725808750975586334435444,1647734088,2022-03-19 23:54:48
14426316,2732046343568148329691536,2732046343568148329691536,1647820102,2022-03-20 23:48:22
14432716,2737723058168277817374602,2737723058168277817374602,1647906431,2022-03-21 23:47:11
14439216,2748889297939273319008262,2748889297939273319008262,1647993561,2022-03-22 23:59:21
14445616,2779473387808719190597376,2779473387808719190597376,1648079397,2022-03-23 23:49:57
14452016,2788329617060202743062670,2788329617060202743062670,1648165573,2022-03-24 23:46:13
14458416,2802539419562260834313821,2802539419562260834313821,1648251743,2022-03-25 23:42:23
14464816,2810829429395212514012715,2810829429395212514012715,1648337880,2022-03-26 23:38:00
14471216,2817864515266751726463213,2817864515266751726463213,1648424298,2022-03-27 23:38:18
14477716,2824677453473802702582673,2824677453473802702582673,1648511224,2022-03-28 23:47:04
14484216,2835287519719537896930822,2835287519719537896930822,1648598277,2022-03-29 23:57:57
14490616,2887009894343334961628771,2887009894343334961628771,1648684729,2022-03-30 23:58:49
14497016,2963364001992487918459006,2963364001992487918459006,1648770945,2022-03-31 23:55:45
14503416,3000193319468724799352371,3000193319468724799352371,1648856793,2022-04-01 23:46:33
14509816,3019028359646235182685596,3019028359646235182685596,1648943935,2022-04-02 23:58:55
14516216,3052301447097227942825106,3052301447097227942825106,1649030054,2022-04-03 23:54:14
14522516,3068690702310840274585078,3068690702310840274585078,1649115814,2022-04-04 23:43:34
14528916,3099661375279058631796218,3099661375279058631796218,1649201788,2022-04-05 23:36:28
14535416,3124557822028824932737919,3124557822028824932737919,1649289372,2022-04-06 23:56:12
14541816,3150670862356221305059333,3150670862356221305059333,1649375597,2022-04-07 23:53:17
14548116,3180654645883191729466862,3180654645883191729466862,1649461519,2022-04-08 23:45:19
14554516,3196279873873702817466408,3196279873873702817466408,1649547451,2022-04-09 23:37:31
14560916,3223762029859863084109246,3223762029859863084109246,1649633970,2022-04-10 23:39:30
14567416,3232768721535885155786045,3232768721535885155786045,1649720889,2022-04-11 23:48:09
14573816,3251464780518678371914618,3251464780518678371914618,1649806818,2022-04-12 23:40:18
14580216,3303046106869714403803117,3303046106869714403803117,1649894356,2022-04-13 23:59:16
14586616,3312825123993566490553149,3312825123993566490553149,1649980677,2022-04-14 23:57:57
14593016,3376573847016104538741546,3376573847016104538741546,1650066796,2022-04-15 23:53:16
14599416,3384439851757030490749250,3384439851757030490749250,1650153100,2022-04-16 23:51:40
14605816,3402483989279774909335321,3402483989279774909335321,1650239113,2022-04-17 23:45:13
14612216,3420585635640425348877831,3420585635640425348877831,1650326154,2022-04-18 23:55:54
14618616,3444108196868195867860817,3444108196868195867860817,1650412373,2022-04-19 23:52:53
14625016,3457391286364838927956388,3457391286364838927956388,1650498462,2022-04-20 23:47:42
14631316,3482521245286639138182301,3482521245286639138182301,1650585018,2022-04-21 23:50:18
14637716,3521431269287575160389997,3521431269287575160389997,1650671308,2022-04-22 23:48:28
14644116,3531772668809274945250622,3531772668809274945250622,1650758002,2022-04-23 23:53:22
14650416,3537038001518813101589986,3537038001518813101589986,1650843524,2022-04-24 23:38:44
14656816,3551093553734419344180911,3551093553734419344180911,1650930643,2022-04-25 23:50:43
14663116,3607362263085689623389692,3607362263085689623389692,1651016657,2022-04-26 23:44:17
14669516,3669285169859088561476561,3669285169859088561476561,1651103558,2022-04-27 23:52:38
14675816,3707702652937710432599289,3707702652937710432599289,1651189230,2022-04-28 23:40:30
14682216,3732016972274474574276416,3732016972274474574276416,1651276008,2022-04-29 23:46:48
14688616,3749301437644757103650435,3749301437644757103650435,1651362978,2022-04-30 23:56:18
14694916,3800173476804578851589555,3800173476804578851589555,1651448145,2022-05-01 23:35:45
14701316,3916838017197933450053079,3916838017197933450053079,1651535299,2022-05-02 23:48:19
14707616,3969529775483634894962917,3969529775483634894962917,1651621280,2022-05-03 23:41:20
14713916,4001936917250261854390405,4001936917250261854390405,1651708012,2022-05-04 23:46:52
14720216,4017382194722717898188595,4017382194722717898188595,1651794589,2022-05-05 23:49:49
14726516,4068654963138234771765984,4068654963138234771765984,1651880946,2022-05-06 23:49:06
14732816,4082665735052609752658484,4082665735052609752658484,1651967977,2022-05-07 23:59:37
14739116,4086256223819597344834556,4086256223819597344834556,1652053920,2022-05-08 23:52:00
14745316,4149162270617461638670301,4149162270617461638670301,1652140198,2022-05-09 23:49:58
14751516,4160723840389487783840407,4160723840389487783840407,1652226599,2022-05-10 23:49:59
14757816,4178504396588272422438962,4178504396588272422438962,1652312500,2022-05-11 23:41:40
14764016,4183019087169489988695788,4183019087169489988695788,1652398884,2022-05-12 23:41:24
14770416,4185921079572280762354884,4185921079572280762354884,1652485947,2022-05-13 23:52:27
14776616,4186641956892373264739388,4186641956892373264739388,1652571866,2022-05-14 23:44:26
14782916,4188624067845370032496659,4188624067845370032496659,1652658281,2022-05-15 23:44:41
14789216,4189615421157970859552628,4189615421157970859552628,1652744900,2022-05-16 23:48:20
14795516,4190650830061590234012292,4190650830061590234012292,1652831530,2022-05-17 23:52:10
14801716,4191832182942386346445102,4191832182942386346445102,1652917319,2022-05-18 23:41:59
14807816,4193091333776817839012449,4193091333776817839012449,1653003556,2022-05-19 23:39:16
14814016,4194378171162344061420782,4194378171162344061420782,1653090627,2022-05-20 23:50:27
14820216,4195435623890459526690654,4195435623890459526690654,1653177484,2022-05-21 23:58:04
14826316,4196514273795258326409230,4196514273795258326409230,1653263698,2022-05-22 23:54:58
14832516,4197570201202928621966375,4197570201202928621966375,1653349940,2022-05-23 23:52:20
14838616,4198754297749020889158743,4198754297749020889158743,1653436454,2022-05-24 23:54:14
14844716,4199620362510894983257481,4199620362510894983257481,1653522009,2022-05-25 23:40:09
14850816,4200423269277598309699707,4200423269277598309699707,1653608527,2022-05-26 23:42:07
14857016,4201594975513810947715738,4201594975513810947715738,1653694644,2022-05-27 23:37:24
14863216,4202636078685090021791261,4202636078685090021791261,1653781572,2022-05-28 23:46:12
14869416,4204490782260182205108079,4204490782260182205108079,1653868505,2022-05-29 23:55:05
14875516,4205563865158612029623605,4205563865158612029623605,1653954926,2022-05-30 23:55:26
14881616,4206643148965045517297788,4206643148965045517297788,1654040656,2022-05-31 23:44:16
14887716,4207646321513456952405817,4207646321513456952405817,1654126860,2022-06-01 23:41:00
14893916,4209893604385247667637075,4209893604385247667637075,1654213980,2022-06-02 23:53:00
14900016,4211086982896463242354240,4211086982896463242354240,1654299644,2022-06-03 23:40:44
14905916,4212154676840841271133229,4212154676840841271133229,1654386257,2022-06-04 23:44:17
14911916,4212950052432944547418685,4212950052432944547418685,1654473457,2022-06-05 23:57:37
14917716,4213807229054398084224611,4213807229054398084224611,1654559915,2022-06-06 23:58:35
14923616,4214703683362429694923844,4214703683362429694923844,1654645510,2022-06-07 23:45:10
14929516,4215728880572263795525177,4215728880572263795525177,1654732145,2022-06-08 23:49:05
14935316,4216480628581450906102123,4216480628581450906102123,1654818396,2022-06-09 23:46:36
14941216,4217810337835985857566022,4217810337835985857566022,1654904864,2022-06-10 23:47:44
14947116,4218570468017378613029546,4218570468017378613029546,1654991795,2022-06-11 23:56:35
14952916,4219363102191642466920600,4219363102191642466920600,1655077618,2022-06-12 23:46:58
14958716,4220595796632692512759184,4220595796632692512759184,1655163587,2022-06-13 23:39:47
14964516,4221290107775814177766271,4221290107775814177766271,1655250653,2022-06-14 23:50:53
14970216,4221942487365432391483133,4221942487365432391483133,1655336388,2022-06-15 23:39:48
14976116,4222569554751344111778330,4222569554751344111778330,1655423866,2022-06-16 23:57:46
14981916,4224526509006577313673726,4224526509006577313673726,1655509282,2022-06-17 23:41:22
14987716,4225191970177307061498769,4225191970177307061498769,1655595577,2022-06-18 23:39:37
14993516,4225857430884522374789795,4225857430884522374789795,1655683117,2022-06-19 23:58:37
14999316,4226442570835318840963771,4226442570835318840963771,1655768637,2022-06-20 23:43:57
15004816,4226988274915707125670011,4226988274915707125670011,1655855266,2022-06-21 23:47:46
15010116,4227607782622929091188719,4227607782622929091188719,1655940934,2022-06-22 23:35:34
15015516,4228467138506703371569197,4228467138506703371569197,1656028718,2022-06-23 23:58:38
15020816,4230295541955122498919576,4230295541955122498919576,1656113992,2022-06-24 23:39:52
15026216,4231023922942452792574709,4231023922942452792574709,1656201318,2022-06-25 23:55:18
15031516,4231789646078003058915741,4231789646078003058915741,1656287627,2022-06-26 23:53:47
15036916,4232581611483516692714350,4232581611483516692714350,1656373644,2022-06-27 23:47:24
15042216,4233328455728109130560961,4233328455728109130560961,1656459867,2022-06-28 23:44:27
15047516,4233938952476279945283407,4233938952476279945283407,1656545730,2022-06-29 23:35:30
15053216,4234632104815723407813621,4234632104815723407813621,1656633476,2022-06-30 23:57:56
15059616,4235836561601046518769509,4235836561601046518769509,1656719237,2022-07-01 23:47:17
15066116,4236554953878467603297731,4236554953878467603297731,1656805753,2022-07-02 23:49:13
15072616,4237195692704295244540465,4237195692704295244540465,1656891699,2022-07-03 23:41:39
15079116,4237955072014403088901180,4237955072014403088901180,1656978996,2022-07-04 23:56:36
15085616,4238700405121408161342787,4238700405121408161342787,1657065533,2022-07-05 23:58:53
15092016,4239290901855533477505872,4239290901855533477505872,1657150981,2022-07-06 23:43:01
15098516,4240015547699068451408360,4240015547699068451408360,1657238349,2022-07-07 23:59:09
15105016,4240998961095373130172888,4240998961095373130172888,1657323971,2022-07-08 23:46:11
15111416,4241631599862624349523178,4241631599862624349523178,1657410242,2022-07-09 23:44:02
15117916,4242231769114985975811116,4242231769114985975811116,1657496824,2022-07-10 23:47:04
15124416,4242867964834454346012757,4242867964834454346012757,1657583285,2022-07-11 23:48:05
15130916,4243683411295561461308591,4243683411295561461308591,1657669565,2022-07-12 23:46:05
15137316,4244365048875858761860221,4244365048875858761860221,1657756126,2022-07-13 23:48:46
15143916,4245067304470859621650817,4245067304470859621650817,1657843013,2022-07-14 23:56:53
15150316,4245717979807051528874668,4245717979807051528874668,1657929065,2022-07-15 23:51:05
15156716,4246352053122211338712223,4246352053122211338712223,1658014620,2022-07-16 23:37:00
15163216,4247111471152728046127272,4247111471152728046127272,1658102154,2022-07-17 23:55:54
15169616,4247978299344687393749607,4247978299344687393749607,1658187870,2022-07-18 23:44:30
15176116,4248861415709993884062792,4248861415709993884062792,1658274336,2022-07-19 23:45:36
15182516,4249568159713778706996663,4249568159713778706996663,1658360471,2022-07-20 23:41:11
15189016,4256197174696808556398586,4256197174696808556398586,1658447071,2022-07-21 23:44:31
15195516,4257370634843700126870393,4257370634843700126870393,1658533883,2022-07-22 23:51:23
15201916,4258218000805069297747211,4258218000805069297747211,1658619484,2022-07-23 23:38:04
15208316,4259072197909175550896458,4259072197909175550896458,1658706047,2022-07-24 23:40:47
15214716,4259862498168302832111646,4259862498168302832111646,1658792437,2022-07-25 23:40:37
15221116,4260511802123766594860486,4260511802123766594860486,1658878959,2022-07-26 23:42:39
15227616,4261302232184012828169213,4261302232184012828169213,1658966351,2022-07-27 23:59:11
15234016,4262012719433934193620550,4262012719433934193620550,1659052343,2022-07-28 23:52:23
15240416,4263120336649108936570428,4263120336649108936570428,1659138413,2022-07-29 23:46:53
15246816,4263885896226985861156859,4263885896226985861156859,1659224241,2022-07-30 23:37:21
15253216,4264697671237869717594637,4264697671237869717594637,1659310488,2022-07-31 23:34:48
15259716,4265632120514448390524972,4265632120514448390524972,1659397812,2022-08-01 23:50:12
15266116,4266605928868841554164724,4266605928868841554164724,1659483811,2022-08-02 23:43:31
15272516,4267419654286492804629875,4267419654286492804629875,1659570634,2022-08-03 23:50:34
15278916,4268299067941110382032503,4268299067941110382032503,1659657395,2022-08-04 23:56:35
15285416,4269473575085863014073103,4269473575085863014073103,1659743688,2022-08-05 23:54:48
15291816,4270351459093100853838169,4270351459093100853838169,1659830137,2022-08-06 23:55:37
15298216,4271357460191197792208393,4271357460191197792208393,1659915910,2022-08-07 23:45:10
15304616,4272131135482983622265960,4272131135482983622265960,1660002166,2022-08-08 23:42:46
15311016,4272910962586915601969565,4272910962586915601969565,1660089258,2022-08-09 23:54:18
15317416,4273693013727654094862738,4273693013727654094862738,1660175855,2022-08-10 23:57:35
15323716,4274965865709575608924001,4274965865709575608924001,1660262173,2022-08-11 23:56:13
15330016,4276016807228954981382672,4276016807228954981382672,1660348011,2022-08-12 23:46:51
15336416,4277353884440791178607371,4277353884440791178607371,1660434649,2022-08-13 23:50:49
15342716,4278367376569676595020878,4278367376569676595020878,1660520632,2022-08-14 23:43:52
15349016,4279429168005415637296425,4279429168005415637296425,1660607608,2022-08-15 23:53:28
15355416,4280276925931133876145120,4280276925931133876145120,1660694168,2022-08-16 23:56:08
15361716,4281089693281557548321946,4281089693281557548321946,1660780768,2022-08-17 23:59:28
15368016,4281988548096312695206174,4281988548096312695206174,1660866521,2022-08-18 23:48:41
15374316,4282759289808588988779721,4282759289808588988779721,1660953573,2022-08-19 23:59:33
15380616,4283530416447702473881142,4283530416447702473881142,1661039447,2022-08-20 23:50:47
15387016,4284381517250357011610691,4284381517250357011610691,1661126145,2022-08-21 23:55:45
15393216,4285177141282806289655807,4285177141282806289655807,1661211674,2022-08-22 23:41:14
15399616,4286679404849640510296267,4286679404849640510296267,1661298733,2022-08-23 23:52:13
15405816,4288239997385083113607054,4288239997385083113607054,1661384135,2022-08-24 23:35:35
15412116,4289052740885274163606610,4289052740885274163606610,1661471989,2022-08-25 23:59:49
15418316,4290526330239452092276783,4290526330239452092276783,1661557617,2022-08-26 23:46:57
15424516,4291279340283932403657582,4291279340283932403657582,1661643806,2022-08-27 23:43:26
15430816,4292141876615878974948399,4292141876615878974948399,1661731047,2022-08-28 23:57:27
15437116,4293252633101414537679105,4293252633101414537679105,1661817080,2022-08-29 23:51:20
15443316,4294059901383531548106213,4294059901383531548106213,1661903255,2022-08-30 23:47:35
15449616,4294870661576398305160175,4294870661576398305160175,1661990365,2022-08-31 23:59:25
15455816,4295528161996896532638832,4295528161996896532638832,1662076005,2022-09-01 23:46:45
15462116,4297420648043145901656125,4297420648043145901656125,1662162593,2022-09-02 23:49:53
15468316,4298055382525645328450086,4298055382525645328450086,1662248968,2022-09-03 23:49:28
15474616,4298979144968642351913290,4298979144968642351913290,1662335539,2022-09-04 23:52:19
15480716,4299827269618263398586451,4299827269618263398586451,1662421026,2022-09-05 23:37:06
15487016,4300587682947969972792978,4300587682947969972792978,1662508029,2022-09-06 23:47:09
15493216,4301322285898489094266244,4301322285898489094266244,1662594211,2022-09-07 23:43:31
15499516,4302092022968489054485391,4302092022968489054485391,1662680699,2022-09-08 23:44:59
15505616,4302855368802132658239668,4302855368802132658239668,1662767559,2022-09-09 23:52:39
15511616,4303636511907064614988729,4303636511907064614988729,1662853259,2022-09-10 23:40:59
15517716,4305885068109893194278647,4305885068109893194278647,1662940273,2022-09-11 23:51:13
15523716,4306774434575735249917730,4306774434575735249917730,1663025917,2022-09-12 23:38:37
15529816,4307681603655744561673263,4307681603655744561673263,1663112894,2022-09-13 23:48:14
15535716,4308430137116000713475339,4308430137116000713475339,1663198979,2022-09-14 23:42:59
15542416,4311073564054182952257205,4311073564054182952257205,1663285307,2022-09-15 23:41:47
15549516,4315054534140377780403059,4315054534140377780403059,1663371839,2022-09-16 23:43:59
15556716,4319192877606965260773170,4319192877606965260773170,1663459091,2022-09-17 23:58:11
15563816,4322252659866189604829466,4322252659866189604829466,1663545131,2022-09-18 23:52:11
15570916,4325486954348286429917696,4325486954348286429917696,1663631231,2022-09-19 23:47:11
15578116,4335318334440262593479021,4335318334440262593479021,1663718375,2022-09-20 23:59:35
15585116,4339871945984032886807931,4339871945984032886807931,1663804127,2022-09-21 23:48:47
15592316,4346075679372596311936183,4346075679372596311936183,1663891103,2022-09-22 23:58:23
15599416,4350679594671121016214607,4350679594671121016214607,1663976699,2022-09-23 23:44:59
15606616,4355759749153660667201367,4355759749153660667201367,1664063483,2022-09-24 23:51:23
15613816,4361126440130068010742093,4361126440130068010742093,1664150267,2022-09-25 23:57:47
15620916,4379749594107906588673782,4379749594107906588673782,1664236091,2022-09-26 23:48:11
15628116,4382713705999292032213608,4382713705999292032213608,1664323199,2022-09-27 23:59:59
15635216,4384832018504721280045107,4384832018504721280045107,1664408855,2022-09-28 23:47:35
15642416,4387844436386135672402342,4387844436386135672402342,1664495807,2022-09-29 23:56:47
15649516,4391386912680596619890684,4391386912680596619890684,1664581463,2022-09-30 23:44:23
15656716,4395361069213241984883896,4395361069213241984883896,1664668619,2022-10-01 23:56:59
15663816,4398831955866665142290358,4398831955866665142290358,1664754107,2022-10-02 23:41:47
15671016,4401896111815844026920341,4401896111815844026920341,1664841035,2022-10-03 23:50:35
15678116,4404983042251819855455494,4404983042251819855455494,1664927039,2022-10-04 23:43:59
15685316,4406771155585303381729454,4406771155585303381729454,1665014075,2022-10-05 23:54:35
15692416,4410175654084970645722257,4410175654084970645722257,1665099791,2022-10-06 23:43:11
15699616,4415369929045009488312121,4415369929045009488312121,1665186839,2022-10-07 23:53:59
15706716,4418638134941788798129260,4418638134941788798129260,1665272411,2022-10-08 23:40:11
15713916,4421946547390223427808219,4421946547390223427808219,1665359267,2022-10-09 23:47:47
15721116,4424006276778540699365683,4424006276778540699365683,1665446087,2022-10-10 23:54:47
15728216,4425505392733697960501663,4425505392733697960501663,1665531707,2022-10-11 23:41:47
15735416,4428641207443640491494015,4428641207443640491494015,1665618551,2022-10-12 23:49:11
15742616,4431092623222620252563162,4431092623222620252563162,1665705467,2022-10-13 23:57:47
15749716,4433149181488564403231797,4433149181488564403231797,1665791111,2022-10-14 23:45:11
15756916,4434805158897588644797853,4434805158897588644797853,1665877895,2022-10-15 23:51:35
15764016,4437556872545853958724530,4437556872545853958724530,1665963635,2022-10-16 23:40:35
15771216,4439908913386984292916847,4439908913386984292916847,1666050587,2022-10-17 23:49:47
15778416,4445871883633292204671372,4445871883633292204671372,1666137359,2022-10-18 23:55:59
15785516,4447959268145465159245884,4447959268145465159245884,1666223123,2022-10-19 23:45:23
15792716,4450931310172601270755977,4450931310172601270755977,1666309943,2022-10-20 23:52:23
15799916,4468689244009339209188521,4468689244009339209188521,1666396763,2022-10-21 23:59:23
15807016,4471413377572500020455522,4471413377572500020455522,1666482359,2022-10-22 23:45:59
15814216,4475069405485867428820715,4475069405485867428820715,1666569203,2022-10-23 23:53:23
15821316,4476840266157268746600272,4476840266157268746600272,1666655375,2022-10-24 23:49:35
15828516,4508019362234044661980895,4508019362234044661980895,1666742351,2022-10-25 23:59:11
15835616,4523656263904307543261056,4523656263904307543261056,1666827947,2022-10-26 23:45:47
15842816,4550952861823750929500499,4550952861823750929500499,1666914815,2022-10-27 23:53:35
15849916,4559028808490492285522065,4559028808490492285522065,1667000591,2022-10-28 23:43:11
15857116,4596089370627895989008159,4596089370627895989008159,1667087591,2022-10-29 23:53:11
15864316,4619302533773324684271542,4619302533773324684271542,1667174375,2022-10-30 23:59:35
15871416,4636599503591189245047415,4636599503591189245047415,1667260031,2022-10-31 23:47:11
15878616,4650110533735094320199200,4650110533735094320199200,1667347187,2022-11-01 23:59:47
15885716,4667915556672702218655759,4667915556672702218655759,1667432903,2022-11-02 23:48:23
15892916,4674040186574126166264923,4674040186574126166264923,1667519867,2022-11-03 23:57:47
15900016,4678576421807944255773787,4678576421807944255773787,1667605439,2022-11-04 23:43:59
15907216,4688099725685698612499322,4688099725685698612499322,1667692355,2022-11-05 23:52:35
15914416,4693038500997417479446850,4693038500997417479446850,1667779151,2022-11-06 23:59:11
15921516,4697520520234398786706547,4697520520234398786706547,1667864735,2022-11-07 23:45:35
15928716,4702745559083779525943548,4702745559083779525943548,1667951555,2022-11-08 23:52:35
15935816,4705292319058143933256858,4705292319058143933256858,1668037403,2022-11-09 23:43:23
15943016,4711600553724476399929316,4711600553724476399929316,1668124271,2022-11-10 23:51:11
15950116,4714370714520235302677457,4714370714520235302677457,1668210059,2022-11-11 23:40:59
15957316,4718879646637051425544803,4718879646637051425544803,1668296843,2022-11-12 23:47:23
15964516,4722232344061689223717985,4722232344061689223717985,1668383579,2022-11-13 23:52:59
15971716,4727223713202091530461752,4727223713202091530461752,1668470375,2022-11-14 23:59:35
15978816,4731822875845211373939482,4731822875845211373939482,1668556163,2022-11-15 23:49:23
15986016,4736285453875045418646136,4736285453875045418646136,1668643163,2022-11-16 23:59:23
15993116,4741233430847703781447693,4741233430847703781447693,1668728843,2022-11-17 23:47:23
16000316,4745069757124547943716483,4745069757124547943716483,1668815747,2022-11-18 23:55:47
16007416,4749574778092703867822662,4749574778092703867822662,1668901367,2022-11-19 23:42:47
16014616,4753137967257279051332716,4753137967257279051332716,1668988211,2022-11-20 23:50:11
16021816,4756332314609625660843674,4756332314609625660843674,1669075055,2022-11-21 23:57:35
16028916,4759363407850582862841497,4759363407850582862841497,1669160855,2022-11-22 23:47:35
16036016,4761350567317776320864023,4761350567317776320864023,1669246787,2022-11-23 23:39:47
16043216,4763094785615701190287715,4763094785615701190287715,1669333619,2022-11-24 23:46:59
16050416,4764771125976372536251767,4764771125976372536251767,1669420547,2022-11-25 23:55:47
16057516,4767042810820154779951627,4767042810820154779951627,1669506239,2022-11-26 23:43:59
16064716,4768716527940434577076031,4768716527940434577076031,1669593119,2022-11-27 23:51:59
16071916,4770559529186033144157726,4770559529186033144157726,1669679819,2022-11-28 23:56:59
16079016,4772303038832285387100001,4772303038832285387100001,1669765595,2022-11-29 23:46:35
16086216,4774833313697978374501967,4774833313697978374501967,1669852595,2022-11-30 23:56:35
16093316,4777114037547808200532252,4777114037547808200532252,1669938227,2022-12-01 23:43:47
16100516,4778854080407988001892958,4778854080407988001892958,1670025035,2022-12-02 23:50:35
16107716,4780257573381869255151313,4780257573381869255151313,1670111879,2022-12-03 23:57:59
16114816,4781932186886193760419533,4781932186886193760419533,1670197619,2022-12-04 23:46:59
16122016,4783543347549179685565201,4783543347549179685565201,1670284703,2022-12-05 23:58:23
16129116,4785914838552133715743107,4785914838552133715743107,1670370227,2022-12-06 23:43:47
16136216,4787404748536749007597737,4787404748536749007597737,1670456951,2022-12-07 23:49:11
16143416,4789470339612151123775115,4789470339612151123775115,1670543831,2022-12-08 23:57:11
16150516,4791005128270454991912885,4791005128270454991912885,1670629607,2022-12-09 23:46:47
16157716,4792278622098851216912487,4792278622098851216912487,1670716427,2022-12-10 23:53:47
16164816,4793485879468244278696886,4793485879468244278696886,1670802095,2022-12-11 23:41:35
16172016,4795891464299869617466427,4795891464299869617466427,1670889023,2022-12-12 23:50:23
16179116,4798866509980223825772522,4798866509980223825772522,1670974823,2022-12-13 23:40:23
16186316,4801046503209263280202860,4801046503209263280202860,1671061655,2022-12-14 23:47:35
16193516,4802785441619207069293280,4802785441619207069293280,1671148595,2022-12-15 23:56:35
16200616,4807068614503622874186034,4807068614503622874186034,1671234275,2022-12-16 23:44:35
16207816,4813032080525994786999700,4813032080525994786999700,1671321107,2022-12-17 23:51:47
16215016,4814618108943523431732407,4814618108943523431732407,1671407975,2022-12-18 23:59:35
16222116,4816655165157102670523065,4816655165157102670523065,1671493595,2022-12-19 23:46:35
16229316,4818833435478713616949249,4818833435478713616949249,1671580391,2022-12-20 23:53:11
16236416,4820801699577038602182557,4820801699577038602182557,1671666035,2022-12-21 23:40:35
16243616,4822556802745666261215289,4822556802745666261215289,1671752699,2022-12-22 23:44:59
16250816,4824237797729502766837093,4824237797729502766837093,1671839339,2022-12-23 23:48:59
16258016,4825792195148431333650959,4825792195148431333650959,1671926147,2022-12-24 23:55:47
16265116,4826818516855944101065488,4826818516855944101065488,1672011731,2022-12-25 23:42:11
16272316,4828065937491576715630366,4828065937491576715630366,1672098587,2022-12-26 23:49:47
16279516,4829328799115659874587865,4829328799115659874587865,1672185515,2022-12-27 23:58:35
16286616,4832731974340055917733821,4832731974340055917733821,1672271039,2022-12-28 23:43:59
16293816,4836394453496642547204070,4836394453496642547204070,1672357907,2022-12-29 23:51:47
16301016,4837825948729082044227376,4837825948729082044227376,1672444715,2022-12-30 23:58:35
16308116,4839101233174909247316922,4839101233174909247316922,1672530323,2022-12-31 23:45:23
16315316,4840365287221976976994441,4840365287221976976994441,1672617059,2023-01-01 23:50:59
16322516,4845261843261536970196789,4845261843261536970196789,1672703807,2023-01-02 23:56:47
16329616,4846541212601361332989582,4846541212601361332989582,1672789391,2023-01-03 23:43:11
16336816,4848158580856131793616077,4848158580856131793616077,1672876151,2023-01-04 23:49:11
16344016,4849744994900646868210718,4849744994900646868210718,1672963115,2023-01-05 23:58:35
16351116,4851469195169352001755785,4851469195169352001755785,1673048783,2023-01-06 23:46:23
16358316,4853467557947904111518479,4853467557947904111518479,1673135639,2023-01-07 23:53:59
16365416,4855283644514608318101802,4855283644514608318101802,1673221259,2023-01-08 23:40:59
16372616,4858343909843164177231808,4858343909843164177231808,1673308055,2023-01-09 23:47:35
16379816,4860129333888094266572936,4860129333888094266572936,1673394863,2023-01-10 23:54:23
16386916,4862241687156805929797631,4862241687156805929797631,1673480603,2023-01-11 23:43:23
16394116,4865097489644675017372717,4865097489644675017372717,1673567531,2023-01-12 23:52:11
16401316,4867439577138206486915016,4867439577138206486915016,1673654387,2023-01-13 23:59:47
16408416,4871298848609686205255779,4871298848609686205255779,1673739947,2023-01-14 23:45:47
16415616,4874038141406140983869885,4874038141406140983869885,1673826995,2023-01-15 23:56:35
16422716,4879286933706960842329718,4879286933706960842329718,1673912675,2023-01-16 23:44:35
16429916,4882385345370442972565529,4882385345370442972565529,1673999423,2023-01-17 23:50:23
16437116,4885087715624131358605634,4885087715624131358605634,1674086243,2023-01-18 23:57:23
16444216,4909638008770660027659210,4909638008770660027659210,1674171923,2023-01-19 23:45:23
16451416,4912563617108315543244303,4912563617108315543244303,1674258707,2023-01-20 23:51:47
16458616,4915752839425292142116148,4915752839425292142116148,1674345551,2023-01-21 23:59:11
16465716,4917751091271203254398723,4917751091271203254398723,1674431231,2023-01-22 23:47:11
16472916,4983619635250443111741519,4983619635250443111741519,1674518051,2023-01-23 23:54:11
16480016,4987484199450192675078126,4987484199450192675078126,1674603659,2023-01-24 23:40:59
16487216,4990183481719383594837875,4990183481719383594837875,1674690563,2023-01-25 23:49:23
16494416,4992774801285688599884329,4992774801285688599884329,1674777371,2023-01-26 23:56:11
16501516,4995927754375586781277756,4995927754375586781277756,1674863135,2023-01-27 23:45:35
16508716,4998928405056454466298132,4998928405056454466298132,1674949907,2023-01-28 23:51:47
16515916,5007770369192867921389263,5007770369192867921389263,1675036799,2023-01-29 23:59:59
16523016,5013361618165142306930286,5013361618165142306930286,1675122383,2023-01-30 23:46:23
16530216,5023059405504397791527090,5023059405504397791527090,1675209227,2023-01-31 23:53:47
16537316,5025341681535214694515333,5025341681535214694515333,1675294919,2023-02-01 23:41:59
16544516,5033116090403695818628837,5033116090403695818628837,1675382027,2023-02-02 23:53:47
16551616,5035924731797109899142142,5035924731797109899142142,1675467791,2023-02-03 23:43:11
16558816,5048693440771851129263160,5048693440771851129263160,1675554695,2023-02-04 23:51:35
16566016,5056681692164116477565846,5056681692164116477565846,1675641527,2023-02-05 23:58:47
16573116,5058509135402386638136840,5058509135402386638136840,1675727111,2023-02-06 23:45:11
16580316,5061630661144463765059374,5061630661144463765059374,1675814147,2023-02-07 23:55:47
16587416,5069377167423541875312171,5069377167423541875312171,1675900079,2023-02-08 23:47:59
16594616,5073184743292051044658962,5073184743292051044658962,1675987019,2023-02-09 23:56:59
16601716,5077954280070672090048487,5077954280070672090048487,1676072603,2023-02-10 23:43:23
16608916,5091968998991458176338022,5091968998991458176338022,1676159495,2023-02-11 23:51:35
16616016,5096405229686092163947299,5096405229686092163947299,1676245211,2023-02-12 23:40:11
16623216,5099277294935117662097771,5099277294935117662097771,1676332103,2023-02-13 23:48:23
16630416,5108507382781393637242432,5108507382781393637242432,1676419127,2023-02-14 23:58:47
16637516,5119566652334645382371048,5119566652334645382371048,1676504903,2023-02-15 23:48:23
16644716,5133981389020575391927221,5133981389020575391927221,1676591807,2023-02-16 23:56:47
16651816,5141750372610979041497759,5141750372610979041497759,1676678243,2023-02-17 23:57:23
16658916,5149041185233944149624041,5149041185233944149624041,1676764535,2023-02-18 23:55:35
16666016,5162633673934910367183665,5162633673934910367183665,1676850719,2023-02-19 23:51:59
16673116,5170788365314980744718156,5170788365314980744718156,1676936783,2023-02-20 23:46:23
16680216,5182162805465272737635139,5182162805465272737635139,1677022967,2023-02-21 23:42:47
16687316,5199393972346831880959741,5199393972346831880959741,1677109439,2023-02-22 23:43:59
16694416,5202710799135156311815580,5202710799135156311815580,1677195611,2023-02-23 23:40:11
16701516,5206810546904143999723313,5206810546904143999723313,1677282215,2023-02-24 23:43:35
16708616,5402223978855411913700350,5402223978855411913700350,1677368459,2023-02-25 23:40:59
16715816,5469545492839748120986146,5469545492839748120986146,1677455843,2023-02-26 23:57:23
16722916,5638406982276850155629911,5638406982276850155629911,1677541847,2023-02-27 23:50:47
16730016,5669571375244140392813903,5669571375244140392813903,1677628127,2023-02-28 23:48:47
16737116,5675517995658584321606423,5675517995658584321606423,1677714299,2023-03-01 23:44:59
16744216,5701653475957645401305333,5701653475957645401305333,1677800735,2023-03-02 23:45:35
16751316,5707833650548722658755026,5707833650548722658755026,1677887135,2023-03-03 23:45:35
16758416,5715257346246098900414924,5715257346246098900414924,1677973439,2023-03-04 23:43:59
16765516,5717178332368663366489397,5717178332368663366489397,1678059599,2023-03-05 23:39:59
16772716,5722935821382919136985961,5722935821382919136985961,1678147067,2023-03-06 23:57:47
16779816,5728477689280944843474460,5728477689280944843474460,1678233275,2023-03-07 23:54:35
16786916,5737787894068874758116548,5737787894068874758116548,1678319615,2023-03-08 23:53:35
16794016,5765921675738232555706084,5765921675738232555706084,1678405847,2023-03-09 23:50:47
16801116,5770395358684116022820981,5770395358684116022820981,1678492463,2023-03-10 23:54:23
16808216,5777572999754724532707689,5777572999754724532707689,1678578707,2023-03-11 23:51:47
16815316,5782050785563885622976174,5782050785563885622976174,1678664987,2023-03-12 23:49:47
16822416,5789239226013736073500263,5789239226013736073500263,1678751087,2023-03-13 23:44:47
16829516,5793361926713067867575859,5793361926713067867575859,1678837271,2023-03-14 23:41:11
16836616,5798023924906445512986507,5798023924906445512986507,1678923671,2023-03-15 23:41:11
16843816,5803177768387055403651292,5803177768387055403651292,1679011043,2023-03-16 23:57:23
16850916,5809515754736114418223846,5809515754736114418223846,1679097251,2023-03-17 23:54:11
16858016,5814033165916157383166052,5814033165916157383166052,1679183399,2023-03-18 23:49:59
16865116,5818953201043545934545186,5818953201043545934545186,1679269619,2023-03-19 23:46:59
16872216,5835295477434712112971074,5835295477434712112971074,1679355647,2023-03-20 23:40:47
16879416,5838880437065822094081026,5838880437065822094081026,1679443055,2023-03-21 23:57:35
16886516,5844772471724902526293028,5844772471724902526293028,1679529167,2023-03-22 23:52:47
16893616,5853645305221327467443641,5853645305221327467443641,1679615507,2023-03-23 23:51:47
16900716,5857837799220449735096211,5857837799220449735096211,1679701667,2023-03-24 23:47:47
16907816,5864883972093596276534492,5864883972093596276534492,1679787779,2023-03-25 23:42:59
16915016,5866937609559051178822551,5866937609559051178822551,1679875139,2023-03-26 23:58:59
16922116,5873552000733349361203649,5873552000733349361203649,1679961347,2023-03-27 23:55:47
16929216,5878953715747260985073609,5878953715747260985073609,1680047627,2023-03-28 23:53:47
16936316,5882536525042585352673111,5882536525042585352673111,1680133859,2023-03-29 23:50:59
16943416,5886210841612633397692962,5886210841612633397692962,1680220031,2023-03-30 23:47:11
16950516,5894410547833002541007801,5894410547833002541007801,1680306143,2023-03-31 23:42:23
16957716,5899118224866977902614223,5899118224866977902614223,1680393599,2023-04-01 23:59:59
16964716,5901258542527238704064579,5901258542527238704064579,1680478811,2023-04-02 23:40:11
16971816,5907288591409957764528945,5907288591409957764528945,1680565451,2023-04-03 23:44:11
16978816,5911521182054228514645375,5911521182054228514645375,1680651623,2023-04-04 23:40:23
16985916,5916056245439492745832873,5916056245439492745832873,1680738719,2023-04-05 23:51:59
16992916,5918990332056318382285875,5918990332056318382285875,1680825143,2023-04-06 23:52:23
16999916,5921256604114305863785375,5921256604114305863785375,1680910859,2023-04-07 23:40:59
17007016,5928914374041602867638342,5928914374041602867638342,1680997739,2023-04-08 23:48:59
17014116,5931380554983732030709914,5931380554983732030709914,1681084799,2023-04-09 23:59:59
17021116,5933357029320612421425149,5933357029320612421425149,1681170371,2023-04-10 23:46:11
17028216,5937838559818960528513259,5937838559818960528513259,1681257299,2023-04-11 23:54:59
17035216,5940248027066701771576540,5940248027066701771576540,1681343423,2023-04-12 23:50:23
17041716,5949611610484907802283698,5949611610484907802283698,1681429799,2023-04-13 23:49:59
17048716,5966526597282769484304347,5966526597282769484304347,1681516115,2023-04-14 23:48:35
17055716,5977846790449563838639888,5977846790449563838639888,1681602263,2023-04-15 23:44:23
17062816,6005473910139256145934884,6005473910139256145934884,1681689395,2023-04-16 23:56:35
17069816,6021987466330594969220412,6021987466330594969220412,1681774979,2023-04-17 23:42:59
17076916,6045084295367039153011726,6045084295367039153011726,1681861799,2023-04-18 23:49:59
17084016,6066832737762298809098883,6066832737762298809098883,1681948427,2023-04-19 23:53:47
17091016,6076364152498208590663434,6076364152498208590663434,1682034479,2023-04-20 23:47:59
17098116,6090308575030716939623425,6090308575030716939623425,1682120915,2023-04-21 23:48:35
17105216,6111218829254279637791429,6111218829254279637791429,1682206871,2023-04-22 23:41:11
17112416,6120520982774761261822909,6120520982774761261822909,1682294111,2023-04-23 23:55:11
17119516,6140322197688125702432472,6140322197688125702432472,1682380127,2023-04-24 23:48:47
17126616,6155404800653643989918401,6155404800653643989918401,1682466227,2023-04-25 23:43:47
17133816,6167482871763374335532479,6167482871763374335532479,1682553563,2023-04-26 23:59:23
17134916,6168276706579755450764623,6168276706579755450764623,1682566919,2023-04-27 03:41:59
