block_number,timestamp,tick,price
16677542,2023-02-21T14:42:35,19,1.0019017109693875
16680940,2023-02-22T02:10:11,-16,0.9984013591843877
16684402,2023-02-22T13:53:47,-1,0.9999000099990001
16685974,2023-02-22T19:12:35,-20,0.9980020984608853
16687034,2023-02-22T22:46:47,0,1.0
16687268,2023-02-22T23:33:59,16,1.0016012005601818
16688241,2023-02-23T02:51:11,-3,0.9997000599900016
16688282,2023-02-23T02:59:23,17,1.0017013606802379
16690013,2023-02-23T08:48:47,-7,0.9993002799160211
16690029,2023-02-23T08:52:35,8,1.000800280056007
16691336,2023-02-23T13:16:47,10,1.001000450120021
16692465,2023-02-23T17:04:59,-9,0.9991004498350495
16693232,2023-02-23T19:39:35,-4,0.9996000999800035
16694316,2023-02-23T23:19:59,2,1.00020001
16694895,2023-02-24T01:17:35,1,1.0001
16695659,2023-02-24T03:51:47,5,1.0005001000100004
16696026,2023-02-24T05:05:47,11,1.001100550165033
16696366,2023-02-24T06:15:59,14,1.0014009103641
16696711,2023-02-24T07:25:59,19,1.0019017109693875
16696712,2023-02-24T07:26:11,4,1.000400060004
16696932,2023-02-24T08:10:35,4,1.000400060004
16697606,2023-02-24T10:29:11,5,1.0005001000100004
16697711,2023-02-24T10:50:35,5,1.0005001000100004
16698288,2023-02-24T12:47:47,6,1.0006001500200015
16698522,2023-02-24T13:35:23,8,1.000800280056007
16698786,2023-02-24T14:28:35,3,1.0003000300009999
16698997,2023-02-24T15:11:11,6,1.0006001500200015
16699464,2023-02-24T16:46:11,9,1.0009003600840125
16699868,2023-02-24T18:07:35,11,1.001100550165033
16700296,2023-02-24T19:34:35,13,1.0013007802860714
16700297,2023-02-24T19:34:47,-1,0.9999000099990001
16700300,2023-02-24T19:35:23,-1,0.9999000099990001
16700590,2023-02-24T20:34:35,1,1.0001
16700738,2023-02-24T21:04:59,0,1.0
16701016,2023-02-24T22:01:35,2,1.00020001
16701356,2023-02-24T23:10:59,4,1.000400060004
16701380,2023-02-24T23:15:47,1,1.0001
16701597,2023-02-24T23:59:47,0,1.0
16701598,2023-02-24T23:59:59,2,1.00020001
16701771,2023-02-25T00:34:47,4,1.000400060004
16701926,2023-02-25T01:05:59,4,1.000400060004
16702097,2023-02-25T01:40:23,6,1.0006001500200015
16702313,2023-02-25T02:23:35,8,1.000800280056007
16702779,2023-02-25T03:57:11,9,1.0009003600840125
16702883,2023-02-25T04:18:11,9,1.0009003600840125
16703206,2023-02-25T05:23:11,10,1.001000450120021
16703276,2023-02-25T05:37:35,-8,0.9992003598800331
16703449,2023-02-25T06:12:35,-6,0.9994002099440127
16703684,2023-02-25T07:00:11,-5,0.999500149965007
16703962,2023-02-25T07:56:35,-3,0.9997000599900016
16704051,2023-02-25T08:14:47,-1,0.9999000099990001
16704072,2023-02-25T08:18:59,1,1.0001
16704101,2023-02-25T08:24:47,2,1.00020001
16704279,2023-02-25T09:01:11,4,1.000400060004
16704282,2023-02-25T09:01:47,5,1.0005001000100004
16704354,2023-02-25T09:16:11,-5,0.999500149965007
16704562,2023-02-25T09:58:35,-3,0.9997000599900016
16704678,2023-02-25T10:21:59,-2,0.9998000299960005
16705132,2023-02-25T11:54:59,0,1.0
16705501,2023-02-25T13:09:59,2,1.00020001
16705671,2023-02-25T13:43:59,4,1.000400060004
16706088,2023-02-25T15:08:23,5,1.0005001000100004
16706477,2023-02-25T16:27:59,7,1.0007002100350033
16706539,2023-02-25T16:40:35,-4,0.9996000999800035
16707010,2023-02-25T18:15:47,-2,0.9998000299960005
16707172,2023-02-25T18:48:47,-2,0.9998000299960005
16707288,2023-02-25T19:12:11,-3,0.9997000599900016
16707350,2023-02-25T19:24:59,-2,0.9998000299960005
16707880,2023-02-25T21:11:59,0,1.0
16708165,2023-02-25T22:09:35,1,1.0001
16708202,2023-02-25T22:16:59,-8,0.9992003598800331
16708302,2023-02-25T22:37:23,-17,0.9983015290314845
16708419,2023-02-25T23:01:11,-15,0.998501199320306
16708485,2023-02-25T23:14:35,-14,0.9986010494402381
16708581,2023-02-25T23:33:59,-13,0.9987009095451821
16708845,2023-02-26T00:27:35,-11,0.9989006597141001
16709093,2023-02-26T01:17:59,-10,0.9990005497800716
16709265,2023-02-26T01:52:35,-8,0.9992003598800331
16709458,2023-02-26T02:31:23,-7,0.9993002799160211
16709567,2023-02-26T02:53:47,-6,0.9994002099440127
16709679,2023-02-26T03:16:47,-5,0.999500149965007
16709697,2023-02-26T03:20:35,-7,0.9993002799160211
16709846,2023-02-26T03:50:59,-5,0.999500149965007
16709969,2023-02-26T04:15:47,-4,0.9996000999800035
16710070,2023-02-26T04:36:11,-4,0.9996000999800035
16710313,2023-02-26T05:24:47,-2,0.9998000299960005
16710655,2023-02-26T06:34:11,0,1.0
16711028,2023-02-26T07:48:59,2,1.00020001
16711355,2023-02-26T08:55:11,3,1.0003000300009999
16711812,2023-02-26T10:27:11,5,1.0005001000100004
16711961,2023-02-26T10:57:23,6,1.0006001500200015
16712097,2023-02-26T11:24:47,7,1.0007002100350033
16712147,2023-02-26T11:34:59,-2,0.9998000299960005
16712327,2023-02-26T12:11:59,-1,0.9999000099990001
16712456,2023-02-26T12:37:59,1,1.0001
16712808,2023-02-26T13:48:59,2,1.00020001
16713034,2023-02-26T14:34:35,4,1.000400060004
16713295,2023-02-26T15:27:47,5,1.0005001000100004
16714721,2023-02-26T20:15:47,8,1.000800280056007
16714721,2023-02-26T20:15:47,8,1.000800280056007
16715016,2023-02-26T21:15:11,6,1.0006001500200015
16715232,2023-02-26T21:59:23,6,1.0006001500200015
16715234,2023-02-26T21:59:47,8,1.000800280056007
16715341,2023-02-26T22:21:23,0,1.0
16715390,2023-02-26T22:31:23,2,1.00020001
16715831,2023-02-27T00:00:23,3,1.0003000300009999
16716087,2023-02-27T00:52:35,5,1.0005001000100004
16716362,2023-02-27T01:48:35,6,1.0006001500200015
16716566,2023-02-27T02:29:35,8,1.000800280056007
16717285,2023-02-27T04:54:59,8,1.000800280056007
16717352,2023-02-27T05:08:23,-1,0.9999000099990001
16717436,2023-02-27T05:25:23,1,1.0001
16717745,2023-02-27T06:27:47,3,1.0003000300009999
16717975,2023-02-27T07:13:47,4,1.000400060004
16718263,2023-02-27T08:12:11,6,1.0006001500200015
16718930,2023-02-27T10:26:59,8,1.000800280056007
16719194,2023-02-27T11:20:23,9,1.0009003600840125
16719196,2023-02-27T11:20:47,-1,0.9999000099990001
16719314,2023-02-27T11:44:59,0,1.0
16719374,2023-02-27T11:57:35,2,1.00020001
16719625,2023-02-27T12:47:59,3,1.0003000300009999
16719692,2023-02-27T13:01:23,3,1.0003000300009999
16719789,2023-02-27T13:20:59,4,1.000400060004
16719903,2023-02-27T13:44:11,2,1.00020001
16719910,2023-02-27T13:45:35,4,1.000400060004
16719917,2023-02-27T13:46:59,6,1.0006001500200015
16719982,2023-02-27T13:59:59,7,1.0007002100350033
16720071,2023-02-27T14:17:59,9,1.0009003600840125
16720270,2023-02-27T14:57:47,10,1.001000450120021
16720454,2023-02-27T15:34:59,1,1.0001
16720578,2023-02-27T15:59:59,2,1.00020001
16720709,2023-02-27T16:26:11,3,1.0003000300009999
16721151,2023-02-27T17:55:35,4,1.000400060004
16721550,2023-02-27T19:15:47,5,1.0005001000100004
16721908,2023-02-27T20:28:11,7,1.0007002100350033
16721947,2023-02-27T20:35:59,6,1.0006001500200015
16722121,2023-02-27T21:10:47,7,1.0007002100350033
16722121,2023-02-27T21:10:47,7,1.0007002100350033
16722402,2023-02-27T22:07:23,9,1.0009003600840125
16722620,2023-02-27T22:51:11,11,1.001100550165033
16722897,2023-02-27T23:46:59,12,1.0012006602200494
16722899,2023-02-27T23:47:23,5,1.0005001000100004
16722933,2023-02-27T23:54:11,5,1.0005001000100004
16723332,2023-02-28T01:15:11,6,1.0006001500200015
16723490,2023-02-28T01:47:23,7,1.0007002100350033
16723506,2023-02-28T01:50:35,8,1.000800280056007
16723507,2023-02-28T01:50:47,8,1.000800280056007
16723561,2023-02-28T02:01:35,9,1.0009003600840125
16724030,2023-02-28T03:36:11,10,1.001000450120021
16724198,2023-02-28T04:09:59,6,1.0006001500200015
16724571,2023-02-28T05:25:59,7,1.0007002100350033
16724649,2023-02-28T05:41:59,8,1.000800280056007
16725175,2023-02-28T07:28:23,9,1.0009003600840125
16725477,2023-02-28T08:29:47,10,1.001000450120021
16725495,2023-02-28T08:33:35,11,1.001100550165033
16725497,2023-02-28T08:33:59,4,1.000400060004
16725655,2023-02-28T09:05:35,5,1.0005001000100004
16725676,2023-02-28T09:09:47,6,1.0006001500200015
16725690,2023-02-28T09:12:35,7,1.0007002100350033
16725698,2023-02-28T09:14:11,8,1.000800280056007
16725756,2023-02-28T09:25:47,6,1.0006001500200015
16725815,2023-02-28T09:37:47,5,1.0005001000100004
16725845,2023-02-28T09:43:47,6,1.0006001500200015
16725944,2023-02-28T10:03:47,7,1.0007002100350033
16725946,2023-02-28T10:04:11,7,1.0007002100350033
16725952,2023-02-28T10:05:23,1,1.0001
16726305,2023-02-28T11:17:11,1,1.0001
16726400,2023-02-28T11:36:23,2,1.00020001
16726451,2023-02-28T11:46:35,2,1.00020001
16726574,2023-02-28T12:11:11,3,1.0003000300009999
16726764,2023-02-28T12:49:59,4,1.000400060004
16726934,2023-02-28T13:24:23,4,1.000400060004
16727565,2023-02-28T15:31:35,5,1.0005001000100004
16727738,2023-02-28T16:06:35,6,1.0006001500200015
16727886,2023-02-28T16:36:35,7,1.0007002100350033
16728035,2023-02-28T17:06:35,6,1.0006001500200015
16728196,2023-02-28T17:39:23,6,1.0006001500200015
16728497,2023-02-28T18:40:11,7,1.0007002100350033
16728660,2023-02-28T19:12:59,8,1.000800280056007
16728686,2023-02-28T19:18:23,8,1.000800280056007
16728741,2023-02-28T19:29:23,1,1.0001
16728840,2023-02-28T19:49:47,2,1.00020001
16729118,2023-02-28T20:46:23,2,1.00020001
16729289,2023-02-28T21:21:35,3,1.0003000300009999
16729332,2023-02-28T21:30:11,3,1.0003000300009999
16729715,2023-02-28T22:47:35,3,1.0003000300009999
16729904,2023-02-28T23:25:47,3,1.0003000300009999
16729984,2023-02-28T23:41:59,4,1.000400060004
16730046,2023-02-28T23:54:59,4,1.000400060004
16730179,2023-03-01T00:22:23,4,1.000400060004
16730279,2023-03-01T00:42:35,4,1.000400060004
16730281,2023-03-01T00:42:59,0,1.0
16730398,2023-03-01T01:06:23,0,1.0
16730451,2023-03-01T01:16:59,0,1.0
16730462,2023-03-01T01:19:23,1,1.0001
16730823,2023-03-01T02:32:11,1,1.0001
16731381,2023-03-01T04:25:23,1,1.0001
16731509,2023-03-01T04:51:23,1,1.0001
16731657,2023-03-01T05:20:59,1,1.0001
16731754,2023-03-01T05:40:35,1,1.0001
16732107,2023-03-01T06:51:59,1,1.0001
16732130,2023-03-01T06:56:35,2,1.00020001
16732151,2023-03-01T07:00:59,2,1.00020001
16732196,2023-03-01T07:09:59,2,1.00020001
16732263,2023-03-01T07:23:23,2,1.00020001
16732274,2023-03-01T07:25:35,1,1.0001
16733029,2023-03-01T09:58:11,1,1.0001
16733083,2023-03-01T10:08:59,1,1.0001
16733227,2023-03-01T10:37:59,2,1.00020001
16733381,2023-03-01T11:09:23,2,1.00020001
16733567,2023-03-01T11:47:11,3,1.0003000300009999
16733642,2023-03-01T12:02:11,3,1.0003000300009999
16733850,2023-03-01T12:44:35,-8,0.9992003598800331
16734031,2023-03-01T13:20:59,-9,0.9991004498350495
16734041,2023-03-01T13:22:59,-9,0.9991004498350495
16734245,2023-03-01T14:04:35,-9,0.9991004498350495
16734571,2023-03-01T15:10:47,-8,0.9992003598800331
16734675,2023-03-01T15:31:47,-8,0.9992003598800331
16734866,2023-03-01T16:10:35,-8,0.9992003598800331
16735197,2023-03-01T17:16:59,-7,0.9993002799160211
16735600,2023-03-01T18:38:47,-7,0.9993002799160211
16735876,2023-03-01T19:34:47,-6,0.9994002099440127
16736017,2023-03-01T20:02:59,-6,0.9994002099440127
16736034,2023-03-01T20:06:23,-6,0.9994002099440127
16736060,2023-03-01T20:11:35,-6,0.9994002099440127
16736135,2023-03-01T20:26:59,-6,0.9994002099440127
16736268,2023-03-01T20:54:11,-6,0.9994002099440127
16736710,2023-03-01T22:22:59,-6,0.9994002099440127
16737000,2023-03-01T23:21:35,-7,0.9993002799160211
16737209,2023-03-02T00:03:59,-7,0.9993002799160211
16737281,2023-03-02T00:18:59,-7,0.9993002799160211
16737397,2023-03-02T00:42:59,-7,0.9993002799160211
16737431,2023-03-02T00:49:47,-7,0.9993002799160211
16737564,2023-03-02T01:16:47,-6,0.9994002099440127
16737583,2023-03-02T01:20:35,-6,0.9994002099440127
16737742,2023-03-02T01:52:59,-6,0.9994002099440127
16738368,2023-03-02T03:58:59,-6,0.9994002099440127
16738439,2023-03-02T04:13:47,-5,0.999500149965007
16738553,2023-03-02T04:36:47,-5,0.999500149965007
16738680,2023-03-02T05:02:11,-5,0.999500149965007
16738803,2023-03-02T05:26:59,-5,0.999500149965007
16738917,2023-03-02T05:50:47,-5,0.999500149965007
16739091,2023-03-02T06:25:47,-5,0.999500149965007
16739323,2023-03-02T07:12:47,-5,0.999500149965007
16739392,2023-03-02T07:26:59,-5,0.999500149965007
16739718,2023-03-02T08:32:59,-5,0.999500149965007
16739761,2023-03-02T08:41:35,-5,0.999500149965007
16739765,2023-03-02T08:42:23,-5,0.999500149965007
16740019,2023-03-02T09:33:47,-5,0.999500149965007
16740213,2023-03-02T10:12:59,-5,0.999500149965007
16740219,2023-03-02T10:14:11,-5,0.999500149965007
16740276,2023-03-02T10:25:47,-5,0.999500149965007
16740456,2023-03-02T11:02:11,-7,0.9993002799160211
16740494,2023-03-02T11:09:47,-8,0.9992003598800331
16740914,2023-03-02T12:34:23,-7,0.9993002799160211
16741044,2023-03-02T13:01:47,-7,0.9993002799160211
16741134,2023-03-02T13:19:59,-7,0.9993002799160211
16741298,2023-03-02T13:53:35,-7,0.9993002799160211
16741423,2023-03-02T14:18:47,-7,0.9993002799160211
16741949,2023-03-02T16:05:35,-7,0.9993002799160211
16742187,2023-03-02T16:54:47,-7,0.9993002799160211
16742273,2023-03-02T17:12:11,-7,0.9993002799160211
16743170,2023-03-02T20:14:47,-7,0.9993002799160211
16743229,2023-03-02T20:26:35,-7,0.9993002799160211
16743297,2023-03-02T20:40:11,-6,0.9994002099440127
16743466,2023-03-02T21:13:59,-6,0.9994002099440127
16743807,2023-03-02T22:23:11,-6,0.9994002099440127
16743886,2023-03-02T22:38:59,-6,0.9994002099440127
16744343,2023-03-03T00:10:59,-6,0.9994002099440127
16744731,2023-03-03T01:30:59,-6,0.9994002099440127
16744762,2023-03-03T01:37:23,-6,0.9994002099440127
16744779,2023-03-03T01:40:59,-6,0.9994002099440127
16744969,2023-03-03T02:19:35,-6,0.9994002099440127
16745045,2023-03-03T02:35:23,-6,0.9994002099440127
16745152,2023-03-03T02:57:11,-6,0.9994002099440127
16745619,2023-03-03T04:31:11,-6,0.9994002099440127
16745690,2023-03-03T04:45:23,-6,0.9994002099440127
16745867,2023-03-03T05:20:47,-6,0.9994002099440127
16746122,2023-03-03T06:12:23,-6,0.9994002099440127
16746266,2023-03-03T06:41:11,-6,0.9994002099440127
16746312,2023-03-03T06:50:23,-6,0.9994002099440127
16746598,2023-03-03T07:48:47,-6,0.9994002099440127
16746803,2023-03-03T08:29:59,-6,0.9994002099440127
16747012,2023-03-03T09:11:47,-6,0.9994002099440127
16747215,2023-03-03T09:52:35,-6,0.9994002099440127
16747420,2023-03-03T10:33:47,-5,0.999500149965007
16747798,2023-03-03T11:50:59,-5,0.999500149965007
16748026,2023-03-03T12:37:23,-5,0.999500149965007
16748353,2023-03-03T13:43:59,-5,0.999500149965007
16748487,2023-03-03T14:10:59,-5,0.999500149965007
16749155,2023-03-03T16:25:47,-5,0.999500149965007
16749675,2023-03-03T18:11:11,-5,0.999500149965007
16749938,2023-03-03T19:04:23,-5,0.999500149965007
16749950,2023-03-03T19:07:11,-5,0.999500149965007
16750358,2023-03-03T20:30:23,-5,0.999500149965007
16750361,2023-03-03T20:30:59,-5,0.999500149965007
16750394,2023-03-03T20:37:35,-5,0.999500149965007
16750603,2023-03-03T21:20:35,-5,0.999500149965007
16750734,2023-03-03T21:46:59,-5,0.999500149965007
16750748,2023-03-03T21:49:47,-5,0.999500149965007
16751040,2023-03-03T22:49:35,-5,0.999500149965007
16751690,2023-03-04T01:01:11,-5,0.999500149965007
16751691,2023-03-04T01:01:23,-4,0.9996000999800035
16751839,2023-03-04T01:31:47,-4,0.9996000999800035
16751843,2023-03-04T01:32:35,-3,0.9997000599900016
16752082,2023-03-04T02:20:59,-3,0.9997000599900016
16752322,2023-03-04T03:09:47,-3,0.9997000599900016
16752743,2023-03-04T04:34:35,-3,0.9997000599900016
16752985,2023-03-04T05:23:23,-3,0.9997000599900016
16753466,2023-03-04T07:01:11,-3,0.9997000599900016
16753616,2023-03-04T07:32:23,-3,0.9997000599900016
16753861,2023-03-04T08:21:47,-3,0.9997000599900016
16754133,2023-03-04T09:17:11,-3,0.9997000599900016
16754202,2023-03-04T09:31:11,-3,0.9997000599900016
16754477,2023-03-04T10:26:47,-3,0.9997000599900016
16754729,2023-03-04T11:17:47,-3,0.9997000599900016
16754885,2023-03-04T11:49:47,-3,0.9997000599900016
16755078,2023-03-04T12:28:35,-3,0.9997000599900016
16755158,2023-03-04T12:45:11,-3,0.9997000599900016
16755281,2023-03-04T13:09:47,-3,0.9997000599900016
16755635,2023-03-04T14:21:11,-3,0.9997000599900016
16755907,2023-03-04T15:15:59,-3,0.9997000599900016
16756275,2023-03-04T16:30:47,-3,0.9997000599900016
16757636,2023-03-04T21:06:35,-3,0.9997000599900016
16757824,2023-03-04T21:44:23,-3,0.9997000599900016
16757960,2023-03-04T22:11:35,-3,0.9997000599900016
16758142,2023-03-04T22:48:23,-3,0.9997000599900016
16758147,2023-03-04T22:49:23,-3,0.9997000599900016
16758209,2023-03-04T23:01:59,-3,0.9997000599900016
16758342,2023-03-04T23:29:11,-3,0.9997000599900016
16758505,2023-03-05T00:01:59,-3,0.9997000599900016
16758608,2023-03-05T00:22:35,-3,0.9997000599900016
16758866,2023-03-05T01:14:35,-2,0.9998000299960005
16758945,2023-03-05T01:30:35,-2,0.9998000299960005
16759127,2023-03-05T02:06:59,-2,0.9998000299960005
16759417,2023-03-05T03:05:11,-2,0.9998000299960005
16759505,2023-03-05T03:22:59,-3,0.9997000599900016
16759625,2023-03-05T03:47:11,-3,0.9997000599900016
16759632,2023-03-05T03:48:35,-3,0.9997000599900016
16759765,2023-03-05T04:15:11,-3,0.9997000599900016
16759819,2023-03-05T04:26:11,-3,0.9997000599900016
16760201,2023-03-05T05:43:11,-3,0.9997000599900016
16760520,2023-03-05T06:48:11,-3,0.9997000599900016
16760790,2023-03-05T07:43:11,-3,0.9997000599900016
16760930,2023-03-05T08:11:35,-3,0.9997000599900016
16761285,2023-03-05T09:23:11,-3,0.9997000599900016
16761317,2023-03-05T09:29:59,-3,0.9997000599900016
16761643,2023-03-05T10:35:59,-3,0.9997000599900016
16761830,2023-03-05T11:13:59,-3,0.9997000599900016
16762153,2023-03-05T12:19:35,-3,0.9997000599900016
16762490,2023-03-05T13:27:59,-3,0.9997000599900016
16762830,2023-03-05T14:36:23,-3,0.9997000599900016
16763233,2023-03-05T15:58:11,-3,0.9997000599900016
16763495,2023-03-05T16:51:11,-3,0.9997000599900016
16763964,2023-03-05T18:26:23,-3,0.9997000599900016
16764273,2023-03-05T19:28:47,-2,0.9998000299960005
16764614,2023-03-05T20:37:35,-2,0.9998000299960005
16764911,2023-03-05T21:37:35,-2,0.9998000299960005
16765227,2023-03-05T22:41:23,-2,0.9998000299960005
16765886,2023-03-06T00:55:11,-2,0.9998000299960005
16766547,2023-03-06T03:08:23,-2,0.9998000299960005
16766667,2023-03-06T03:32:23,-2,0.9998000299960005
16766979,2023-03-06T04:35:35,-2,0.9998000299960005
16767378,2023-03-06T05:56:11,-2,0.9998000299960005
16767378,2023-03-06T05:56:11,-2,0.9998000299960005
16767676,2023-03-06T06:56:59,-2,0.9998000299960005
16767755,2023-03-06T07:13:11,-2,0.9998000299960005
16767815,2023-03-06T07:25:35,-2,0.9998000299960005
16767856,2023-03-06T07:33:47,-2,0.9998000299960005
16768054,2023-03-06T08:13:23,-2,0.9998000299960005
16768155,2023-03-06T08:33:47,-2,0.9998000299960005
16768167,2023-03-06T08:36:11,-2,0.9998000299960005
16768218,2023-03-06T08:46:23,-2,0.9998000299960005
16768286,2023-03-06T08:59:59,-2,0.9998000299960005
16768384,2023-03-06T09:19:35,-2,0.9998000299960005
16768941,2023-03-06T11:13:47,-2,0.9998000299960005
16769096,2023-03-06T11:44:59,-2,0.9998000299960005
16769710,2023-03-06T13:48:47,-2,0.9998000299960005
16769901,2023-03-06T14:27:35,-2,0.9998000299960005
16770107,2023-03-06T15:08:59,-2,0.9998000299960005
16770449,2023-03-06T16:18:23,-2,0.9998000299960005
16771215,2023-03-06T18:53:11,-2,0.9998000299960005
16771614,2023-03-06T20:14:35,-2,0.9998000299960005
16771792,2023-03-06T20:51:11,-2,0.9998000299960005
16772052,2023-03-06T21:43:59,-2,0.9998000299960005
16772287,2023-03-06T22:31:23,-2,0.9998000299960005
16772287,2023-03-06T22:31:23,-2,0.9998000299960005
16772665,2023-03-06T23:47:23,-2,0.9998000299960005
16772969,2023-03-07T00:49:11,-2,0.9998000299960005
16773190,2023-03-07T01:33:35,-2,0.9998000299960005
16773509,2023-03-07T02:38:11,-2,0.9998000299960005
16773630,2023-03-07T03:02:35,-2,0.9998000299960005
16774072,2023-03-07T04:32:23,-2,0.9998000299960005
16774382,2023-03-07T05:35:35,-2,0.9998000299960005
16774415,2023-03-07T05:42:11,-2,0.9998000299960005
16774602,2023-03-07T06:19:47,-2,0.9998000299960005
16774653,2023-03-07T06:30:11,-2,0.9998000299960005
16774676,2023-03-07T06:34:47,-9,0.9991004498350495
16774910,2023-03-07T07:21:59,-9,0.9991004498350495
16775070,2023-03-07T07:54:35,-9,0.9991004498350495
16775073,2023-03-07T07:55:11,-9,0.9991004498350495
16775238,2023-03-07T08:28:23,-9,0.9991004498350495
16775488,2023-03-07T09:18:35,-8,0.9992003598800331
16777401,2023-03-07T15:45:59,-8,0.9992003598800331
16777645,2023-03-07T16:35:23,-8,0.9992003598800331
16777976,2023-03-07T17:42:35,-8,0.9992003598800331
16779697,2023-03-07T23:30:23,-8,0.9992003598800331
16781100,2023-03-08T04:15:47,-8,0.9992003598800331
16781899,2023-03-08T06:56:47,-8,0.9992003598800331
16782018,2023-03-08T07:20:35,-8,0.9992003598800331
16782423,2023-03-08T08:42:23,-8,0.9992003598800331
16783364,2023-03-08T11:53:47,-9,0.9991004498350495
16784044,2023-03-08T14:10:47,-9,0.9991004498350495
16785158,2023-03-08T17:56:11,-9,0.9991004498350495
16785327,2023-03-08T18:30:47,-9,0.9991004498350495
16785380,2023-03-08T18:41:59,-9,0.9991004498350495
16786584,2023-03-08T22:45:59,-9,0.9991004498350495
16786716,2023-03-08T23:12:59,-10,0.9990005497800716
16792846,2023-03-09T19:52:59,-10,0.9990005497800716
16792941,2023-03-09T20:12:23,-10,0.9990005497800716
16792988,2023-03-09T20:22:23,-9,0.9991004498350495
16793075,2023-03-09T20:39:59,-9,0.9991004498350495
16793100,2023-03-09T20:44:59,-9,0.9991004498350495
16793307,2023-03-09T21:27:23,-9,0.9991004498350495
16793733,2023-03-09T22:52:47,-9,0.9991004498350495
16794145,2023-03-10T00:16:47,-9,0.9991004498350495
16794211,2023-03-10T00:30:11,-11,0.9989006597141001
16795375,2023-03-10T04:27:35,-11,0.9989006597141001
16795578,2023-03-10T05:08:35,-11,0.9989006597141001
16796055,2023-03-10T06:46:11,-11,0.9989006597141001
16796064,2023-03-10T06:47:59,-12,0.9988007796361366
16796099,2023-03-10T06:54:59,-12,0.9988007796361366
16796191,2023-03-10T07:13:47,-12,0.9988007796361366
16796818,2023-03-10T09:21:47,-13,0.9987009095451821
16796820,2023-03-10T09:22:11,-13,0.9987009095451821
16797087,2023-03-10T10:17:47,-14,0.9986010494402381
16797147,2023-03-10T10:29:59,-14,0.9986010494402381
16798056,2023-03-10T13:34:47,-14,0.9986010494402381
16798130,2023-03-10T13:49:47,-14,0.9986010494402381
16798256,2023-03-10T14:15:11,-14,0.9986010494402381
16798936,2023-03-10T16:33:11,-14,0.9986010494402381
16798938,2023-03-10T16:33:35,-14,0.9986010494402381
16799037,2023-03-10T16:53:35,-14,0.9986010494402381
16799164,2023-03-10T17:19:35,-16,0.9984013591843877
16799187,2023-03-10T17:24:11,-16,0.9984013591843877
16799469,2023-03-10T18:21:23,-16,0.9984013591843877
16800087,2023-03-10T20:26:23,-16,0.9984013591843877
16800547,2023-03-10T21:59:35,-16,0.9984013591843877
16800727,2023-03-10T22:35:47,-16,0.9984013591843877
16800800,2023-03-10T22:50:23,-16,0.9984013591843877
16800868,2023-03-10T23:03:59,-16,0.9984013591843877
16800908,2023-03-10T23:11:59,-16,0.9984013591843877
16800950,2023-03-10T23:20:23,-17,0.9983015290314845
16800986,2023-03-10T23:27:35,-17,0.9983015290314845
16801191,2023-03-11T00:09:35,-16,0.9984013591843877
16801358,2023-03-11T00:43:11,-16,0.9984013591843877
16801405,2023-03-11T00:52:47,-12,0.9988007796361366
16801423,2023-03-11T00:56:23,-12,0.9988007796361366
16801506,2023-03-11T01:13:23,-12,0.9988007796361366
16801563,2023-03-11T01:24:47,-12,0.9988007796361366
16801629,2023-03-11T01:37:59,-12,0.9988007796361366
16801695,2023-03-11T01:51:11,-12,0.9988007796361366
16801761,2023-03-11T02:04:35,-13,0.9987009095451821
16802128,2023-03-11T03:18:59,-13,0.9987009095451821
16802250,2023-03-11T03:43:47,-13,0.9987009095451821
16802273,2023-03-11T03:48:23,-13,0.9987009095451821
16802282,2023-03-11T03:50:11,-13,0.9987009095451821
16802364,2023-03-11T04:06:35,-13,0.9987009095451821
16802435,2023-03-11T04:21:11,-13,0.9987009095451821
16802484,2023-03-11T04:30:59,-14,0.9986010494402381
16802597,2023-03-11T04:53:47,-14,0.9986010494402381
16802762,2023-03-11T05:27:47,-14,0.9986010494402381
16802804,2023-03-11T05:36:11,-14,0.9986010494402381
16802882,2023-03-11T05:52:11,-15,0.998501199320306
16803125,2023-03-11T06:41:23,-15,0.998501199320306
16803126,2023-03-11T06:41:35,-15,0.998501199320306
16803180,2023-03-11T06:52:47,-15,0.998501199320306
16803185,2023-03-11T06:53:47,-15,0.998501199320306
16803227,2023-03-11T07:02:11,-15,0.998501199320306
16803238,2023-03-11T07:04:23,-16,0.9984013591843877
16803742,2023-03-11T08:46:23,-15,0.998501199320306
16803751,2023-03-11T08:48:23,-15,0.998501199320306
16803944,2023-03-11T09:26:59,-15,0.998501199320306
16803985,2023-03-11T09:35:11,-15,0.998501199320306
16804284,2023-03-11T10:35:47,-20,0.9980020984608853
16804778,2023-03-11T12:15:35,-20,0.9980020984608853
16804858,2023-03-11T12:31:35,-20,0.9980020984608853
16805350,2023-03-11T14:11:11,-20,0.9980020984608853
16806150,2023-03-11T16:53:59,-20,0.9980020984608853
16806255,2023-03-11T17:14:59,-20,0.9980020984608853
16806287,2023-03-11T17:21:23,-20,0.9980020984608853
16806313,2023-03-11T17:26:59,-20,0.9980020984608853
16806805,2023-03-11T19:06:11,-20,0.9980020984608853
16806827,2023-03-11T19:10:35,-20,0.9980020984608853
16807161,2023-03-11T20:18:35,-20,0.9980020984608853
16807162,2023-03-11T20:18:47,-20,0.9980020984608853
16807164,2023-03-11T20:19:11,-20,0.9980020984608853
16807259,2023-03-11T20:38:23,-20,0.9980020984608853
16807355,2023-03-11T20:58:35,-20,0.9980020984608853
16807781,2023-03-11T22:24:11,-20,0.9980020984608853
16808626,2023-03-12T01:15:23,-20,0.9980020984608853
16809202,2023-03-12T03:12:35,-20,0.9980020984608853
16809206,2023-03-12T03:13:23,-20,0.9980020984608853
16809746,2023-03-12T05:03:11,-20,0.9980020984608853
16810168,2023-03-12T06:29:35,-20,0.9980020984608853
16811328,2023-03-12T10:23:47,-20,0.9980020984608853
16811337,2023-03-12T10:25:35,-20,0.9980020984608853
16814446,2023-03-12T20:52:59,-20,0.9980020984608853
16814594,2023-03-12T21:22:35,-20,0.9980020984608853
16814648,2023-03-12T21:33:35,-20,0.9980020984608853
16814872,2023-03-12T22:19:35,-20,0.9980020984608853
16815139,2023-03-12T23:14:11,-20,0.9980020984608853
16815217,2023-03-12T23:29:47,-20,0.9980020984608853
16815227,2023-03-12T23:31:47,-20,0.9980020984608853
16815237,2023-03-12T23:33:47,-20,0.9980020984608853
16815363,2023-03-12T23:59:23,-20,0.9980020984608853
16815448,2023-03-13T00:16:59,-20,0.9980020984608853
16815573,2023-03-13T00:42:35,-20,0.9980020984608853
16815622,2023-03-13T00:52:47,-20,0.9980020984608853
16815946,2023-03-13T01:57:47,-20,0.9980020984608853
16816281,2023-03-13T03:05:35,-20,0.9980020984608853
16816313,2023-03-13T03:12:11,-20,0.9980020984608853
16816709,2023-03-13T04:32:23,-20,0.9980020984608853
16817327,2023-03-13T06:36:35,-20,0.9980020984608853
16817669,2023-03-13T07:45:23,-20,0.9980020984608853
16818038,2023-03-13T08:59:23,-20,0.9980020984608853
16818039,2023-03-13T08:59:35,-20,0.9980020984608853
16818064,2023-03-13T09:04:47,-20,0.9980020984608853
16818314,2023-03-13T09:55:35,-20,0.9980020984608853
16818385,2023-03-13T10:09:47,-20,0.9980020984608853
16818398,2023-03-13T10:12:23,-20,0.9980020984608853
16818400,2023-03-13T10:12:47,-20,0.9980020984608853
16818416,2023-03-13T10:15:59,-20,0.9980020984608853
16818417,2023-03-13T10:16:11,-20,0.9980020984608853
16818456,2023-03-13T10:23:59,-20,0.9980020984608853
16818854,2023-03-13T11:44:35,-20,0.9980020984608853
16819753,2023-03-13T14:46:47,-20,0.9980020984608853
16819812,2023-03-13T14:58:47,-20,0.9980020984608853
16819864,2023-03-13T15:09:11,-20,0.9980020984608853
16820954,2023-03-13T18:49:23,-20,0.9980020984608853
16822085,2023-03-13T22:38:11,-20,0.9980020984608853
16823545,2023-03-14T03:33:47,-20,0.9980020984608853
16823781,2023-03-14T04:21:47,-20,0.9980020984608853
16826265,2023-03-14T12:44:11,-20,0.9980020984608853
16826291,2023-03-14T12:49:23,-20,0.9980020984608853
16826338,2023-03-14T12:58:47,-20,0.9980020984608853
16826416,2023-03-14T13:14:23,-20,0.9980020984608853
16828248,2023-03-14T19:23:47,-20,0.9980020984608853
16828810,2023-03-14T21:18:11,-20,0.9980020984608853
16828886,2023-03-14T21:33:35,-20,0.9980020984608853
16828904,2023-03-14T21:37:11,-20,0.9980020984608853
16829090,2023-03-14T22:14:59,-20,0.9980020984608853
16829758,2023-03-15T00:30:11,-20,0.9980020984608853
16830589,2023-03-15T03:18:47,-20,0.9980020984608853
16830656,2023-03-15T03:32:35,-20,0.9980020984608853
16830727,2023-03-15T03:47:11,-20,0.9980020984608853
16830992,2023-03-15T04:40:23,-20,0.9980020984608853
16831493,2023-03-15T06:21:59,-20,0.9980020984608853
16832506,2023-03-15T09:47:47,-20,0.9980020984608853
16832908,2023-03-15T11:09:47,-20,0.9980020984608853
16833023,2023-03-15T11:32:47,-20,0.9980020984608853
16833586,2023-03-15T13:27:47,-20,0.9980020984608853
16833590,2023-03-15T13:28:35,-20,0.9980020984608853
16836330,2023-03-15T22:42:47,-20,0.9980020984608853
16836331,2023-03-15T22:42:59,-20,0.9980020984608853
16837104,2023-03-16T01:19:35,-20,0.9980020984608853
16838292,2023-03-16T05:19:47,-20,0.9980020984608853
16838292,2023-03-16T05:19:47,-20,0.9980020984608853
16839190,2023-03-16T08:20:59,-20,0.9980020984608853
16839328,2023-03-16T08:49:11,-20,0.9980020984608853
16840425,2023-03-16T12:32:23,-20,0.9980020984608853
16841001,2023-03-16T14:28:59,-20,0.9980020984608853
16841855,2023-03-16T17:21:11,-20,0.9980020984608853
16842127,2023-03-16T18:16:11,-20,0.9980020984608853
16842302,2023-03-16T18:51:59,-19,0.9981018986707314
16842374,2023-03-16T19:06:23,-20,0.9980020984608853
16842453,2023-03-16T19:22:23,-20,0.9980020984608853
16842467,2023-03-16T19:25:11,-20,0.9980020984608853
16842767,2023-03-16T20:26:11,-20,0.9980020984608853
16843087,2023-03-16T21:31:11,-20,0.9980020984608853
16843430,2023-03-16T22:39:59,-20,0.9980020984608853
16843788,2023-03-16T23:51:47,-20,0.9980020984608853
16844220,2023-03-17T01:18:35,-20,0.9980020984608853
16844459,2023-03-17T02:06:35,-20,0.9980020984608853
16844470,2023-03-17T02:08:47,-20,0.9980020984608853
16844557,2023-03-17T02:26:23,-19,0.9981018986707314
16844582,2023-03-17T02:31:23,-19,0.9981018986707314
16844696,2023-03-17T02:54:59,-19,0.9981018986707314
16845009,2023-03-17T03:58:11,-17,0.9983015290314845
16845367,2023-03-17T05:10:23,-17,0.9983015290314845
16845891,2023-03-17T06:55:47,-17,0.9983015290314845
16846821,2023-03-17T10:04:11,-17,0.9983015290314845
16846821,2023-03-17T10:04:11,-17,0.9983015290314845
16847085,2023-03-17T10:57:47,-17,0.9983015290314845
16847376,2023-03-17T11:56:35,-17,0.9983015290314845
16847512,2023-03-17T12:24:23,-14,0.9986010494402381
16847850,2023-03-17T13:33:11,-7,0.9993002799160211
16849867,2023-03-17T20:21:23,-7,0.9993002799160211
16849873,2023-03-17T20:22:35,-7,0.9993002799160211
16849932,2023-03-17T20:34:35,-7,0.9993002799160211
16850447,2023-03-17T22:18:59,-7,0.9993002799160211
16850604,2023-03-17T22:50:59,-8,0.9992003598800331
16850624,2023-03-17T22:54:59,-8,0.9992003598800331
16850625,2023-03-17T22:55:11,-8,0.9992003598800331
16850904,2023-03-17T23:51:35,-8,0.9992003598800331
16850938,2023-03-17T23:58:35,-7,0.9993002799160211
16851226,2023-03-18T00:56:47,-8,0.9992003598800331
16851247,2023-03-18T01:00:59,-8,0.9992003598800331
16851286,2023-03-18T01:08:59,-8,0.9992003598800331
16851516,2023-03-18T01:55:35,-8,0.9992003598800331
16851543,2023-03-18T02:00:59,-8,0.9992003598800331
16851953,2023-03-18T03:24:11,-8,0.9992003598800331
16852129,2023-03-18T04:00:35,-8,0.9992003598800331
16852247,2023-03-18T04:24:23,-8,0.9992003598800331
16852248,2023-03-18T04:24:35,-8,0.9992003598800331
16852248,2023-03-18T04:24:35,-8,0.9992003598800331
16852366,2023-03-18T04:48:35,-8,0.9992003598800331
16852471,2023-03-18T05:09:35,-8,0.9992003598800331
16852525,2023-03-18T05:20:35,-6,0.9994002099440127
16853501,2023-03-18T08:38:11,-6,0.9994002099440127
16853555,2023-03-18T08:48:59,-6,0.9994002099440127
16853920,2023-03-18T10:02:35,-6,0.9994002099440127
16854386,2023-03-18T11:37:11,-6,0.9994002099440127
16855252,2023-03-18T14:32:23,-6,0.9994002099440127
16855847,2023-03-18T16:32:23,-6,0.9994002099440127
16857915,2023-03-18T23:29:23,-6,0.9994002099440127
16857996,2023-03-18T23:45:59,-6,0.9994002099440127
16860182,2023-03-19T07:07:47,-6,0.9994002099440127
16860208,2023-03-19T07:12:59,-6,0.9994002099440127
16860302,2023-03-19T07:32:23,-6,0.9994002099440127
16860522,2023-03-19T08:16:35,-6,0.9994002099440127
16860529,2023-03-19T08:17:59,-6,0.9994002099440127
16860537,2023-03-19T08:19:35,-6,0.9994002099440127
16860769,2023-03-19T09:06:59,-7,0.9993002799160211
16861332,2023-03-19T11:00:23,-7,0.9993002799160211
16861369,2023-03-19T11:07:47,-7,0.9993002799160211
16861678,2023-03-19T12:09:59,-7,0.9993002799160211
16862533,2023-03-19T15:03:23,-7,0.9993002799160211
16862545,2023-03-19T15:05:47,-7,0.9993002799160211
16862977,2023-03-19T16:34:23,-7,0.9993002799160211
16863049,2023-03-19T16:49:23,-7,0.9993002799160211
16863112,2023-03-19T17:02:11,-7,0.9993002799160211
16863476,2023-03-19T18:15:59,-7,0.9993002799160211
16863611,2023-03-19T18:43:11,-6,0.9994002099440127
16863754,2023-03-19T19:11:59,-6,0.9994002099440127
16865154,2023-03-19T23:54:47,-6,0.9994002099440127
16865212,2023-03-20T00:06:23,-6,0.9994002099440127
16865900,2023-03-20T02:25:59,-6,0.9994002099440127
16865968,2023-03-20T02:39:47,-6,0.9994002099440127
16865988,2023-03-20T02:43:47,-6,0.9994002099440127
16866255,2023-03-20T03:37:47,-6,0.9994002099440127
16866576,2023-03-20T04:42:35,-6,0.9994002099440127
16866972,2023-03-20T06:02:35,-6,0.9994002099440127
16867545,2023-03-20T07:58:11,-6,0.9994002099440127
16867571,2023-03-20T08:03:23,-6,0.9994002099440127
16869634,2023-03-20T14:59:11,-6,0.9994002099440127
16869658,2023-03-20T15:03:59,-6,0.9994002099440127
16869841,2023-03-20T15:41:23,-7,0.9993002799160211
16869908,2023-03-20T15:54:59,-7,0.9993002799160211
16870570,2023-03-20T18:08:35,-7,0.9993002799160211
16870956,2023-03-20T19:26:23,-7,0.9993002799160211
16871062,2023-03-20T19:47:47,-7,0.9993002799160211
16871099,2023-03-20T19:55:11,-7,0.9993002799160211
16871211,2023-03-20T20:17:59,-7,0.9993002799160211
16871383,2023-03-20T20:52:35,-7,0.9993002799160211
16871507,2023-03-20T21:17:35,-7,0.9993002799160211
16872088,2023-03-20T23:14:59,-7,0.9993002799160211
16872247,2023-03-20T23:46:59,-7,0.9993002799160211
16872289,2023-03-20T23:55:23,-6,0.9994002099440127
16873026,2023-03-21T02:23:47,-7,0.9993002799160211
16874027,2023-03-21T05:46:47,-7,0.9993002799160211
16874506,2023-03-21T07:23:11,-8,0.9992003598800331
16874594,2023-03-21T07:40:47,-7,0.9993002799160211
16874790,2023-03-21T08:19:59,-7,0.9993002799160211
16874863,2023-03-21T08:34:35,-7,0.9993002799160211
16875205,2023-03-21T09:44:35,-8,0.9992003598800331
16875403,2023-03-21T10:24:47,-8,0.9992003598800331
16876079,2023-03-21T12:41:23,-8,0.9992003598800331
16876096,2023-03-21T12:44:47,-8,0.9992003598800331
16876115,2023-03-21T12:48:47,-8,0.9992003598800331
16876279,2023-03-21T13:22:35,-8,0.9992003598800331
16876354,2023-03-21T13:37:47,-8,0.9992003598800331
16876699,2023-03-21T14:47:11,-8,0.9992003598800331
16877228,2023-03-21T16:33:59,-8,0.9992003598800331
16877291,2023-03-21T16:46:59,-8,0.9992003598800331
16877291,2023-03-21T16:46:59,-1,0.9999000099990001
16877349,2023-03-21T16:59:11,-1,0.9999000099990001
16877614,2023-03-21T17:53:11,-1,0.9999000099990001
16877880,2023-03-21T18:47:23,-1,0.9999000099990001
16879764,2023-03-22T01:08:23,-2,0.9998000299960005
16879764,2023-03-22T01:08:23,-2,0.9998000299960005
16880083,2023-03-22T02:12:35,-2,0.9998000299960005
16880108,2023-03-22T02:17:35,-3,0.9997000599900016
16880554,2023-03-22T03:47:35,-4,0.9996000999800035
16880583,2023-03-22T03:53:23,-5,0.999500149965007
16881019,2023-03-22T05:20:35,-5,0.999500149965007
16881164,2023-03-22T05:49:47,-5,0.999500149965007
16881232,2023-03-22T06:03:35,-5,0.999500149965007
16881885,2023-03-22T08:16:11,-5,0.999500149965007
16882414,2023-03-22T10:02:59,-5,0.999500149965007
16882419,2023-03-22T10:03:59,-5,0.999500149965007
16882841,2023-03-22T11:28:47,-5,0.999500149965007
16883256,2023-03-22T12:52:59,-5,0.999500149965007
16883740,2023-03-22T14:31:47,-5,0.999500149965007
16885095,2023-03-22T19:05:35,-5,0.999500149965007
16885096,2023-03-22T19:05:47,-5,0.999500149965007
16885300,2023-03-22T19:46:59,-5,0.999500149965007
16885815,2023-03-22T21:30:35,-5,0.999500149965007
16886184,2023-03-22T22:44:59,-5,0.999500149965007
16886214,2023-03-22T22:51:11,-5,0.999500149965007
16886443,2023-03-22T23:37:35,-5,0.999500149965007
16886676,2023-03-23T00:25:47,-5,0.999500149965007
16886882,2023-03-23T01:07:11,-5,0.999500149965007
16886977,2023-03-23T01:26:47,-5,0.999500149965007
16887427,2023-03-23T02:58:11,-7,0.9993002799160211
16887436,2023-03-23T02:59:59,-10,0.9990005497800716
16888014,2023-03-23T04:56:47,-10,0.9990005497800716
16888082,2023-03-23T05:10:23,-10,0.9990005497800716
16889977,2023-03-23T11:35:11,-10,0.9990005497800716
16890972,2023-03-23T14:57:35,-10,0.9990005497800716
16890977,2023-03-23T14:58:35,-10,0.9990005497800716
16890994,2023-03-23T15:01:59,-10,0.9990005497800716
16891003,2023-03-23T15:03:47,-10,0.9990005497800716
16891064,2023-03-23T15:16:11,-10,0.9990005497800716
16891678,2023-03-23T17:20:11,-10,0.9990005497800716
16891688,2023-03-23T17:22:23,-10,0.9990005497800716
16891946,2023-03-23T18:14:11,-10,0.9990005497800716
16892751,2023-03-23T20:56:11,-11,0.9989006597141001
16892779,2023-03-23T21:01:59,-11,0.9989006597141001
16892995,2023-03-23T21:45:47,-8,0.9992003598800331
16893072,2023-03-23T22:01:23,-8,0.9992003598800331
16893163,2023-03-23T22:19:47,-12,0.9988007796361366
16893608,2023-03-23T23:50:11,-12,0.9988007796361366
16894152,2023-03-24T01:40:11,-12,0.9988007796361366
16894355,2023-03-24T02:21:11,-12,0.9988007796361366
16894612,2023-03-24T03:13:11,-12,0.9988007796361366
16894731,2023-03-24T03:37:35,-13,0.9987009095451821
16896275,2023-03-24T08:48:59,-13,0.9987009095451821
16896288,2023-03-24T08:51:35,-13,0.9987009095451821
16896815,2023-03-24T10:38:11,-13,0.9987009095451821
16897163,2023-03-24T11:48:11,-13,0.9987009095451821
16897171,2023-03-24T11:49:47,-13,0.9987009095451821
16898880,2023-03-24T17:35:35,-13,0.9987009095451821
16898896,2023-03-24T17:38:47,-13,0.9987009095451821
16900788,2023-03-25T00:02:11,-13,0.9987009095451821
16901495,2023-03-25T02:24:47,-13,0.9987009095451821
16901624,2023-03-25T02:50:59,-13,0.9987009095451821
16901885,2023-03-25T03:43:35,-13,0.9987009095451821
16902471,2023-03-25T05:42:11,-13,0.9987009095451821
16903367,2023-03-25T08:43:59,-13,0.9987009095451821
16904026,2023-03-25T10:56:47,-13,0.9987009095451821
16905626,2023-03-25T16:20:47,-11,0.9989006597141001
16905777,2023-03-25T16:50:59,-11,0.9989006597141001
16906269,2023-03-25T18:31:11,-11,0.9989006597141001
16906463,2023-03-25T19:10:23,-11,0.9989006597141001
16906973,2023-03-25T20:52:47,-11,0.9989006597141001
16909544,2023-03-26T05:32:59,-12,0.9988007796361366
16909649,2023-03-26T05:54:11,-12,0.9988007796361366
16910479,2023-03-26T08:41:47,-12,0.9988007796361366
16910533,2023-03-26T08:52:47,-12,0.9988007796361366
16911247,2023-03-26T11:16:59,-12,0.9988007796361366
16911743,2023-03-26T12:56:47,-14,0.9986010494402381
16912034,2023-03-26T13:55:23,-14,0.9986010494402381
16912163,2023-03-26T14:21:59,-14,0.9986010494402381
16912720,2023-03-26T16:14:35,-13,0.9987009095451821
16913994,2023-03-26T20:32:11,-13,0.9987009095451821
16915938,2023-03-27T03:04:59,-13,0.9987009095451821
16916014,2023-03-27T03:20:11,-8,0.9992003598800331
16916209,2023-03-27T04:00:11,-8,0.9992003598800331
16916638,2023-03-27T05:27:35,-11,0.9989006597141001
16917577,2023-03-27T08:37:23,-11,0.9989006597141001
16919463,2023-03-27T14:58:35,-11,0.9989006597141001
16919492,2023-03-27T15:04:23,-11,0.9989006597141001
16919536,2023-03-27T15:13:11,-11,0.9989006597141001
16919605,2023-03-27T15:26:59,-11,0.9989006597141001
16920376,2023-03-27T18:02:59,-12,0.9988007796361366
16920706,2023-03-27T19:09:23,-12,0.9988007796361366
16921340,2023-03-27T21:18:23,-12,0.9988007796361366
16921700,2023-03-27T22:30:59,-12,0.9988007796361366
16922943,2023-03-28T02:42:35,-13,0.9987009095451821
16923217,2023-03-28T03:37:23,-12,0.9988007796361366
16923387,2023-03-28T04:11:47,-12,0.9988007796361366
16925013,2023-03-28T09:42:11,-12,0.9988007796361366
16927701,2023-03-28T18:47:23,-12,0.9988007796361366
16927702,2023-03-28T18:47:35,-12,0.9988007796361366
16927742,2023-03-28T18:55:35,-12,0.9988007796361366
16927848,2023-03-28T19:16:59,-12,0.9988007796361366
16928160,2023-03-28T20:19:35,-12,0.9988007796361366
16928210,2023-03-28T20:29:35,-12,0.9988007796361366
16928958,2023-03-28T23:01:23,-12,0.9988007796361366
16929555,2023-03-29T01:02:11,-13,0.9987009095451821
16929641,2023-03-29T01:19:23,-13,0.9987009095451821
16929707,2023-03-29T01:32:35,-13,0.9987009095451821
16929734,2023-03-29T01:37:59,-13,0.9987009095451821
16929989,2023-03-29T02:29:59,-13,0.9987009095451821
16930146,2023-03-29T03:01:35,-13,0.9987009095451821
16930258,2023-03-29T03:24:11,-13,0.9987009095451821
16930482,2023-03-29T04:09:11,-13,0.9987009095451821
16930522,2023-03-29T04:17:23,-13,0.9987009095451821
16930650,2023-03-29T04:43:11,-13,0.9987009095451821
16930654,2023-03-29T04:43:59,-13,0.9987009095451821
16931185,2023-03-29T06:31:23,-13,0.9987009095451821
16931380,2023-03-29T07:10:47,-13,0.9987009095451821
16931739,2023-03-29T08:23:23,-13,0.9987009095451821
16931890,2023-03-29T08:53:47,-13,0.9987009095451821
16932225,2023-03-29T10:01:23,-13,0.9987009095451821
16932305,2023-03-29T10:17:35,-13,0.9987009095451821
16933019,2023-03-29T12:42:11,-13,0.9987009095451821
16933134,2023-03-29T13:05:47,-13,0.9987009095451821
16933739,2023-03-29T15:08:11,-13,0.9987009095451821
16935644,2023-03-29T21:35:35,-13,0.9987009095451821
16935912,2023-03-29T22:29:35,-14,0.9986010494402381
16936030,2023-03-29T22:53:11,-13,0.9987009095451821
16936465,2023-03-30T00:21:11,-13,0.9987009095451821
16937718,2023-03-30T04:34:47,-13,0.9987009095451821
16938056,2023-03-30T05:42:47,-13,0.9987009095451821
16938224,2023-03-30T06:16:59,-13,0.9987009095451821
16938426,2023-03-30T06:57:35,-13,0.9987009095451821
16939702,2023-03-30T11:14:47,-13,0.9987009095451821
16940108,2023-03-30T12:37:47,-13,0.9987009095451821
16941503,2023-03-30T17:19:47,-13,0.9987009095451821
16942057,2023-03-30T19:12:11,-13,0.9987009095451821
16942266,2023-03-30T19:54:47,-13,0.9987009095451821
16942604,2023-03-30T21:02:47,-11,0.9989006597141001
16943313,2023-03-30T23:26:23,-13,0.9987009095451821
16943829,2023-03-31T01:10:35,-13,0.9987009095451821
16944108,2023-03-31T02:06:59,-13,0.9987009095451821
16945448,2023-03-31T06:37:23,-14,0.9986010494402381
16947091,2023-03-31T12:09:47,-14,0.9986010494402381
16947370,2023-03-31T13:06:59,-13,0.9987009095451821
16947509,2023-03-31T13:35:59,-13,0.9987009095451821
16947726,2023-03-31T14:19:35,-13,0.9987009095451821
16948440,2023-03-31T16:43:23,-6,0.9994002099440127
16949450,2023-03-31T20:06:47,-7,0.9993002799160211
16949792,2023-03-31T21:16:35,-8,0.9992003598800331
16949868,2023-03-31T21:31:47,-8,0.9992003598800331
16949875,2023-03-31T21:33:11,-8,0.9992003598800331
16950180,2023-03-31T22:34:11,-8,0.9992003598800331
16951074,2023-04-01T01:35:23,-7,0.9993002799160211
16952802,2023-04-01T07:24:47,-7,0.9993002799160211
16952887,2023-04-01T07:42:11,-7,0.9993002799160211
16952974,2023-04-01T07:59:59,-10,0.9990005497800716
16953042,2023-04-01T08:13:35,-10,0.9990005497800716
16953213,2023-04-01T08:48:23,-10,0.9990005497800716
16954650,2023-04-01T13:40:35,-10,0.9990005497800716
16956333,2023-04-01T19:19:47,-11,0.9989006597141001
16956345,2023-04-01T19:22:11,-10,0.9990005497800716
16958208,2023-04-02T01:39:11,-12,0.9988007796361366
16958303,2023-04-02T01:58:11,-12,0.9988007796361366
16958646,2023-04-02T03:06:59,-12,0.9988007796361366
16960979,2023-04-02T11:01:59,-12,0.9988007796361366
16961356,2023-04-02T12:17:59,-12,0.9988007796361366
16962610,2023-04-02T16:32:59,-12,0.9988007796361366
16963032,2023-04-02T17:58:35,-12,0.9988007796361366
16963032,2023-04-02T17:58:35,-12,0.9988007796361366
16963189,2023-04-02T18:30:35,-12,0.9988007796361366
16963393,2023-04-02T19:12:23,-12,0.9988007796361366
16963540,2023-04-02T19:42:35,-12,0.9988007796361366
16964060,2023-04-02T21:27:47,-12,0.9988007796361366
16964072,2023-04-02T21:30:23,-12,0.9988007796361366
16965579,2023-04-03T02:35:11,-12,0.9988007796361366
16966302,2023-04-03T05:00:35,-12,0.9988007796361366
16967081,2023-04-03T07:39:35,-8,0.9992003598800331
16967130,2023-04-03T07:49:23,-8,0.9992003598800331
16967391,2023-04-03T08:42:23,-8,0.9992003598800331
16967409,2023-04-03T08:45:59,-8,0.9992003598800331
16967678,2023-04-03T09:41:23,-8,0.9992003598800331
16967894,2023-04-03T10:26:11,-8,0.9992003598800331
16967978,2023-04-03T10:43:23,-9,0.9991004498350495
16968001,2023-04-03T10:47:59,-9,0.9991004498350495
16969531,2023-04-03T15:58:47,-9,0.9991004498350495
16969591,2023-04-03T16:10:47,-9,0.9991004498350495
16969819,2023-04-03T16:57:35,-9,0.9991004498350495
16970871,2023-04-03T20:30:59,-9,0.9991004498350495
16971077,2023-04-03T21:12:47,-9,0.9991004498350495
16972174,2023-04-04T00:58:23,-11,0.9989006597141001
16973477,2023-04-04T05:27:47,-11,0.9989006597141001
16973900,2023-04-04T06:54:47,-11,0.9989006597141001
16973920,2023-04-04T06:58:47,-10,0.9990005497800716
16974738,2023-04-04T09:47:11,-10,0.9990005497800716
16974826,2023-04-04T10:05:11,-10,0.9990005497800716
16975136,2023-04-04T11:08:23,-10,0.9990005497800716
16975414,2023-04-04T12:05:35,-10,0.9990005497800716
16975436,2023-04-04T12:09:59,-8,0.9992003598800331
16975491,2023-04-04T12:20:59,-8,0.9992003598800331
16976696,2023-04-04T16:27:35,-8,0.9992003598800331
16977011,2023-04-04T17:32:11,-8,0.9992003598800331
16978923,2023-04-05T00:01:47,-17,0.9983015290314845
16979346,2023-04-05T01:27:35,-17,0.9983015290314845
16979918,2023-04-05T03:23:35,-17,0.9983015290314845
16979962,2023-04-05T03:32:23,-17,0.9983015290314845
16980381,2023-04-05T04:58:23,-17,0.9983015290314845
16981018,2023-04-05T07:09:59,-17,0.9983015290314845
16981763,2023-04-05T09:42:59,-17,0.9983015290314845
16982301,2023-04-05T11:32:11,-17,0.9983015290314845
16983138,2023-04-05T14:21:47,-17,0.9983015290314845
16983485,2023-04-05T15:32:35,-11,0.9989006597141001
16983493,2023-04-05T15:34:11,-11,0.9989006597141001
16983568,2023-04-05T15:49:23,-11,0.9989006597141001
16983767,2023-04-05T16:30:11,-11,0.9989006597141001
16984129,2023-04-05T17:45:35,-10,0.9990005497800716
16984781,2023-04-05T20:00:59,-10,0.9990005497800716
16985385,2023-04-05T22:03:35,-10,0.9990005497800716
16986085,2023-04-06T00:26:23,-10,0.9990005497800716
16987692,2023-04-06T05:55:11,-9,0.9991004498350495
16987834,2023-04-06T06:24:11,-9,0.9991004498350495
16987974,2023-04-06T06:53:59,-9,0.9991004498350495
16988395,2023-04-06T08:21:11,-9,0.9991004498350495
16988419,2023-04-06T08:26:35,-9,0.9991004498350495
16989074,2023-04-06T10:44:23,-9,0.9991004498350495
16989507,2023-04-06T12:16:11,-9,0.9991004498350495
16989897,2023-04-06T13:36:11,-9,0.9991004498350495
16989961,2023-04-06T13:49:23,-8,0.9992003598800331
16990060,2023-04-06T14:09:35,-5,0.999500149965007
16990227,2023-04-06T14:43:35,-5,0.999500149965007
16990954,2023-04-06T17:13:35,-5,0.999500149965007
16992185,2023-04-06T21:24:47,-5,0.999500149965007
16992697,2023-04-06T23:08:11,-5,0.999500149965007
16993082,2023-04-07T00:26:59,-5,0.999500149965007
16994076,2023-04-07T03:49:59,-4,0.9996000999800035
16995290,2023-04-07T07:56:59,-4,0.9996000999800035
16996123,2023-04-07T10:48:11,-4,0.9996000999800035
16996202,2023-04-07T11:04:35,-4,0.9996000999800035
16996398,2023-04-07T11:44:35,-4,0.9996000999800035
16997210,2023-04-07T14:29:59,-4,0.9996000999800035
16997222,2023-04-07T14:32:23,-4,0.9996000999800035
16997528,2023-04-07T15:35:11,-4,0.9996000999800035
16997601,2023-04-07T15:49:59,-4,0.9996000999800035
